HIERARCHY
ROOT Hips
{
    OFFSET 0 0 0
    CHANNELS 6 Xposition Yposition Zposition Zrotation Xrotation Yrotation

    JOINT Spine
    {
        OFFSET 0 10 0
        CHANNELS 3 Zrotation Xrotation Yrotation

        JOINT Spine1
        {
            OFFSET 0 10 0
            CHANNELS 3 Zrotation Xrotation Yrotation

            JOINT Spine2
            {
                OFFSET 0 10 0
                CHANNELS 3 Zrotation Xrotation Yrotation

                JOINT Neck
                {
                    OFFSET 0 10 0
                    CHANNELS 3 Zrotation Xrotation Yrotation

                    JOINT Head
                    {
                        OFFSET 0 5 0
                        CHANNELS 3 Zrotation Xrotation Yrotation
                    }
                }

                JOINT LeftShoulder
                {
                    OFFSET 5 5 0
                    CHANNELS 3 Zrotation Xrotation Yrotation

                    JOINT LeftArm
                    {
                        OFFSET 10 0 0
                        CHANNELS 3 Zrotation Xrotation Yrotation

                        JOINT LeftForeArm
                        {
                            OFFSET 10 0 0
                            CHANNELS 3 Zrotation Xrotation Yrotation

                            JOINT LeftHand
                            {
                                OFFSET 10 0 0
                                CHANNELS 3 Zrotation Xrotation Yrotation
                            }
                        }
                    }
                }

                JOINT RightShoulder
                {
                    OFFSET -5 5 0
                    CHANNELS 3 Zrotation Xrotation Yrotation

                    JOINT RightArm
                    {
                        OFFSET -10 0 0
                        CHANNELS 3 Zrotation Xrotation Yrotation

                        JOINT RightForeArm
                        {
                            OFFSET -10 0 0
                            CHANNELS 3 Zrotation Xrotation Yrotation

                            JOINT RightHand
                            {
                                OFFSET -10 0 0
                                CHANNELS 3 Zrotation Xrotation Yrotation
                            }
                        }
                    }
                }
            }
        }
    }

    JOINT LeftUpLeg
    {
        OFFSET 5 0 0
        CHANNELS 3 Zrotation Xrotation Yrotation

        JOINT LeftLeg
        {
            OFFSET 0 -20 0
            CHANNELS 3 Zrotation Xrotation Yrotation

            JOINT LeftFoot
            {
                OFFSET 0 -20 5
                CHANNELS 3 Zrotation Xrotation Yrotation
            }
        }
    }

    JOINT RightUpLeg
    {
        OFFSET -5 0 0
        CHANNELS 3 Zrotation Xrotation Yrotation

        JOINT RightLeg
        {
            OFFSET 0 -20 0
            CHANNELS 3 Zrotation Xrotation Yrotation

            JOINT RightFoot
            {
                OFFSET 0 -20 5
                CHANNELS 3 Zrotation Xrotation Yrotation
            }
        }
    }
}

MOTION
Frames: 246
Frame Time: 0.033198
59.150168 0.008783 -46.820405 0.000000 0.000000 0.000000 33.139105 -79.272488 0.000000 -78.028811 2.700245 0.000000 168.506980 -11.757865 0.000000 0.000000 0.000000 0.000000 0.000000 0.000000 0.000000 -177.338839 40.678193 0.000000 -146.575991 1.369542 0.000000 0.000000 0.000000 0.000000 0.000000 0.000000 0.000000 -174.017876 34.505389 0.000000 153.901127 -2.014567 0.000000 0.000000 0.000000 0.000000 0.000000 0.000000 0.000000 63.843704 80.203233 0.000000 4.123389 20.444111 0.000000 0.000000 0.000000 0.000000 -28.958928 80.325410 0.000000 -1.361681 21.953843 0.000000 0.000000 0.000000 0.000000
59.337622 0.008798 -46.834633 0.000000 0.000000 0.000000 45.310301 -81.019706 0.000000 -81.142772 2.723308 0.000000 167.674116 -12.025636 0.000000 0.000000 0.000000 0.000000 0.000000 0.000000 0.000000 -178.199067 42.555726 0.000000 -142.502810 1.685612 0.000000 0.000000 0.000000 0.000000 0.000000 0.000000 0.000000 -173.456493 30.800677 0.000000 151.144491 -2.434319 0.000000 0.000000 0.000000 0.000000 0.000000 0.000000 0.000000 61.808005 80.441387 0.000000 4.041278 19.307301 0.000000 0.000000 0.000000 0.000000 -29.346637 79.147628 0.000000 -1.342892 21.045957 0.000000 0.000000 0.000000 0.000000
59.650743 0.008817 -46.824354 0.000000 0.000000 0.000000 60.514584 -80.841211 0.000000 -80.318057 2.537884 0.000000 167.050320 -11.986169 0.000000 0.000000 0.000000 0.000000 0.000000 0.000000 0.000000 -177.604846 43.836775 0.000000 -141.416910 1.582028 0.000000 0.000000 0.000000 0.000000 0.000000 0.000000 0.000000 -171.537797 31.019796 0.000000 150.590803 -2.335414 0.000000 0.000000 0.000000 0.000000 0.000000 0.000000 0.000000 60.704794 80.703014 0.000000 4.018781 19.435471 0.000000 0.000000 0.000000 0.000000 -34.118388 78.231974 0.000000 -1.325186 21.193737 0.000000 0.000000 0.000000 0.000000
60.019431 0.009302 -46.801187 0.000000 0.000000 0.000000 97.264493 -80.036273 0.000000 -76.106994 2.186958 0.000000 166.816718 -11.870938 0.000000 0.000000 0.000000 0.000000 0.000000 0.000000 0.000000 -174.573454 43.611435 0.000000 -139.166455 1.457396 0.000000 0.000000 0.000000 0.000000 0.000000 0.000000 0.000000 -169.077098 31.867666 0.000000 150.597682 -2.201271 0.000000 0.000000 0.000000 0.000000 0.000000 0.000000 0.000000 61.772265 81.356667 0.000000 3.995159 19.908899 0.000000 0.000000 0.000000 0.000000 -41.682009 77.519889 0.000000 -1.012968 21.179798 0.000000 0.000000 0.000000 0.000000
60.492676 0.009246 -46.807624 0.000000 0.000000 0.000000 99.478188 -78.807212 0.000000 -74.749941 1.737915 0.000000 166.313985 -11.798424 0.000000 0.000000 0.000000 0.000000 0.000000 0.000000 0.000000 -171.964148 42.129362 0.000000 -138.613802 1.277239 0.000000 0.000000 0.000000 0.000000 0.000000 0.000000 0.000000 -168.294985 31.960805 0.000000 150.580143 -2.066125 0.000000 0.000000 0.000000 0.000000 0.000000 0.000000 0.000000 79.734201 82.844165 0.000000 3.731721 19.853748 0.000000 0.000000 0.000000 0.000000 -51.346852 76.817361 0.000000 -0.237824 21.198394 0.000000 0.000000 0.000000 0.000000
60.884601 0.009189 -46.827471 0.000000 0.000000 0.000000 99.514566 -77.975509 0.000000 -76.387960 1.195460 0.000000 165.327185 -11.816663 0.000000 0.000000 0.000000 0.000000 0.000000 0.000000 0.000000 -169.191478 40.659433 0.000000 -141.674028 0.743380 0.000000 0.000000 0.000000 0.000000 0.000000 0.000000 0.000000 -168.587394 31.209916 0.000000 151.162986 -1.766927 0.000000 0.000000 0.000000 0.000000 0.000000 0.000000 0.000000 110.450227 82.863024 0.000000 3.638554 19.912832 0.000000 0.000000 0.000000 0.000000 -69.689281 77.314130 0.000000 0.444749 21.059329 0.000000 0.000000 0.000000 0.000000
61.267325 0.009008 -46.910062 0.000000 0.000000 0.000000 101.880328 -77.113485 0.000000 -76.940771 0.778362 0.000000 164.958584 -11.636502 0.000000 0.000000 0.000000 0.000000 0.000000 0.000000 0.000000 -168.841234 40.877532 0.000000 -142.061947 0.443432 0.000000 0.000000 0.000000 0.000000 0.000000 0.000000 0.000000 -167.639621 30.833715 0.000000 152.433715 -1.431842 0.000000 0.000000 0.000000 0.000000 0.000000 0.000000 0.000000 105.289836 83.634516 0.000000 3.663710 19.840948 0.000000 0.000000 0.000000 0.000000 -71.061864 76.096133 0.000000 0.841429 20.950636 0.000000 0.000000 0.000000 0.000000
61.567011 0.009163 -47.032286 0.000000 0.000000 0.000000 102.548888 -76.425084 0.000000 -81.049833 0.183057 0.000000 164.015665 -11.682372 0.000000 0.000000 0.000000 0.000000 0.000000 0.000000 0.000000 -165.230075 42.929821 0.000000 -138.780402 0.289597 0.000000 0.000000 0.000000 0.000000 0.000000 0.000000 0.000000 -166.519687 30.000651 0.000000 150.163231 -1.353251 0.000000 0.000000 0.000000 0.000000 0.000000 0.000000 0.000000 54.511898 83.462042 0.000000 3.460022 19.096095 0.000000 0.000000 0.000000 0.000000 -58.074981 75.731606 0.000000 0.411789 20.746001 0.000000 0.000000 0.000000 0.000000
61.750236 0.009720 -47.076134 0.000000 0.000000 0.000000 103.809596 -75.425064 0.000000 -84.769325 -0.351867 0.000000 163.353501 -11.432970 0.000000 0.000000 0.000000 0.000000 0.000000 0.000000 0.000000 -163.761569 42.638197 0.000000 -139.821956 -0.195301 0.000000 0.000000 0.000000 0.000000 0.000000 0.000000 0.000000 -165.520628 28.636271 0.000000 148.447516 -1.086205 0.000000 0.000000 0.000000 0.000000 0.000000 0.000000 0.000000 56.786590 84.006089 0.000000 3.256030 18.572295 0.000000 0.000000 0.000000 0.000000 -50.806000 76.520468 0.000000 -0.369238 20.449482 0.000000 0.000000 0.000000 0.000000
61.947915 0.010061 -47.100405 0.000000 0.000000 0.000000 99.317189 -74.781990 0.000000 -86.935505 -0.856427 0.000000 163.217170 -11.326893 0.000000 0.000000 0.000000 0.000000 0.000000 0.000000 0.000000 -160.866657 43.159674 0.000000 -141.289747 -0.680689 0.000000 0.000000 0.000000 0.000000 0.000000 0.000000 0.000000 -164.655691 27.706517 0.000000 148.068751 -0.740431 0.000000 0.000000 0.000000 0.000000 0.000000 0.000000 0.000000 53.867077 83.829435 0.000000 2.943726 18.130657 0.000000 0.000000 0.000000 0.000000 -44.195365 75.862874 0.000000 -0.933419 20.430383 0.000000 0.000000 0.000000 0.000000
62.149647 0.009810 -47.107995 0.000000 0.000000 0.000000 84.044234 -74.244178 0.000000 -87.241406 -1.376329 0.000000 163.052032 -11.247442 0.000000 0.000000 0.000000 0.000000 0.000000 0.000000 0.000000 -159.802913 41.853107 0.000000 -141.099245 -1.164811 0.000000 0.000000 0.000000 0.000000 0.000000 0.000000 0.000000 -164.334855 26.976896 0.000000 147.792180 -0.426071 0.000000 0.000000 0.000000 0.000000 0.000000 0.000000 0.000000 52.160951 84.174161 0.000000 2.830630 18.368666 0.000000 0.000000 0.000000 0.000000 -45.079083 75.745580 0.000000 -1.149198 20.569734 0.000000 0.000000 0.000000 0.000000
62.303919 0.009574 -47.092737 0.000000 0.000000 0.000000 77.206527 -73.333405 0.000000 -87.844073 -1.851043 0.000000 162.800278 -11.008446 0.000000 0.000000 0.000000 0.000000 0.000000 0.000000 0.000000 -160.173566 40.200559 0.000000 -141.569352 -1.549798 0.000000 0.000000 0.000000 0.000000 0.000000 0.000000 0.000000 -164.114519 27.038399 0.000000 148.123780 -0.096724 0.000000 0.000000 0.000000 0.000000 0.000000 0.000000 0.000000 62.178249 85.256614 0.000000 2.776471 18.443620 0.000000 0.000000 0.000000 0.000000 -48.443582 76.272765 0.000000 -1.340472 20.570454 0.000000 0.000000 0.000000 0.000000
62.513310 0.009063 -47.097448 0.000000 0.000000 0.000000 71.835991 -72.679033 0.000000 -89.686119 -2.128134 0.000000 162.302124 -10.904658 0.000000 0.000000 0.000000 0.000000 0.000000 0.000000 0.000000 -160.505107 40.004330 0.000000 -141.894232 -1.977381 0.000000 0.000000 0.000000 0.000000 0.000000 0.000000 0.000000 -164.142550 26.659887 0.000000 147.798961 0.081743 0.000000 0.000000 0.000000 0.000000 0.000000 0.000000 0.000000 62.905498 86.076168 0.000000 2.690267 18.392324 0.000000 0.000000 0.000000 0.000000 -49.064400 75.936186 0.000000 -1.539566 20.637702 0.000000 0.000000 0.000000 0.000000
62.651369 0.009230 -47.078261 0.000000 0.000000 0.000000 74.219140 -72.368880 0.000000 -89.279329 -2.439764 0.000000 162.465923 -10.776583 0.000000 0.000000 0.000000 0.000000 0.000000 0.000000 0.000000 -160.791400 40.193978 0.000000 -141.571277 -2.424003 0.000000 0.000000 0.000000 0.000000 0.000000 0.000000 0.000000 -163.691596 26.769104 0.000000 147.895288 0.295515 0.000000 0.000000 0.000000 0.000000 0.000000 0.000000 0.000000 61.013357 86.587887 0.000000 2.655462 18.252960 0.000000 0.000000 0.000000 0.000000 -49.079452 75.724152 0.000000 -1.687967 20.682324 0.000000 0.000000 0.000000 0.000000
62.827033 0.009352 -47.100051 0.000000 0.000000 0.000000 77.147954 -72.275748 0.000000 -91.781288 -2.594252 0.000000 161.843735 -10.851686 0.000000 0.000000 0.000000 0.000000 0.000000 0.000000 0.000000 -160.113900 40.215742 0.000000 -142.104820 -2.335562 0.000000 0.000000 0.000000 0.000000 0.000000 0.000000 0.000000 -164.493064 26.292372 0.000000 147.098019 0.298747 0.000000 0.000000 0.000000 0.000000 0.000000 0.000000 0.000000 61.705449 86.824340 0.000000 2.414035 17.933448 0.000000 0.000000 0.000000 0.000000 -47.867601 75.272637 0.000000 -1.869210 20.584069 0.000000 0.000000 0.000000 0.000000
62.944889 0.009376 -47.111541 0.000000 0.000000 0.000000 81.171576 -72.187859 0.000000 -91.678142 -2.738192 0.000000 162.057520 -10.728151 0.000000 0.000000 0.000000 0.000000 0.000000 0.000000 0.000000 -160.472259 39.909316 0.000000 -141.759806 -2.472480 0.000000 0.000000 0.000000 0.000000 0.000000 0.000000 0.000000 -164.418876 26.173004 0.000000 146.413555 0.313480 0.000000 0.000000 0.000000 0.000000 0.000000 0.000000 0.000000 71.942514 87.177568 0.000000 2.299456 17.824271 0.000000 0.000000 0.000000 0.000000 -48.877007 75.224413 0.000000 -1.931913 20.320348 0.000000 0.000000 0.000000 0.000000
63.135132 0.009448 -47.122419 0.000000 0.000000 0.000000 89.810276 -72.283808 0.000000 -91.775623 -2.822045 0.000000 162.044329 -10.770716 0.000000 0.000000 0.000000 0.000000 0.000000 0.000000 0.000000 -161.053878 38.969057 0.000000 -142.958688 -2.456304 0.000000 0.000000 0.000000 0.000000 0.000000 0.000000 0.000000 -164.287280 26.082766 0.000000 146.064357 0.292050 0.000000 0.000000 0.000000 0.000000 0.000000 0.000000 0.000000 51.340195 86.606165 0.000000 2.038040 17.546369 0.000000 0.000000 0.000000 0.000000 -48.092599 74.733608 0.000000 -2.070548 20.161047 0.000000 0.000000 0.000000 0.000000
63.320795 0.009432 -47.126628 0.000000 0.000000 0.000000 87.623572 -72.262117 0.000000 -90.757593 -2.945891 0.000000 161.991166 -10.898109 0.000000 0.000000 0.000000 0.000000 0.000000 0.000000 0.000000 -160.398748 39.789952 0.000000 -140.795330 -2.705453 0.000000 0.000000 0.000000 0.000000 0.000000 0.000000 0.000000 -164.151135 26.142601 0.000000 144.292102 0.318987 0.000000 0.000000 0.000000 0.000000 0.000000 0.000000 0.000000 45.439244 86.883241 0.000000 1.982244 17.589820 0.000000 0.000000 0.000000 0.000000 -49.020927 74.261888 0.000000 -2.183775 20.480545 0.000000 0.000000 0.000000 0.000000
63.501212 0.009140 -47.176607 0.000000 0.000000 0.000000 70.739069 -71.450014 0.000000 -91.744610 -2.991318 0.000000 161.985505 -10.974199 0.000000 0.000000 0.000000 0.000000 0.000000 0.000000 0.000000 -161.369922 38.380953 0.000000 -141.491262 -2.782436 0.000000 0.000000 0.000000 0.000000 0.000000 0.000000 0.000000 -165.160879 24.552944 0.000000 144.366655 0.300379 0.000000 0.000000 0.000000 0.000000 0.000000 0.000000 0.000000 45.897532 87.299406 0.000000 1.851903 17.602599 0.000000 0.000000 0.000000 0.000000 -50.054801 73.952993 0.000000 -2.330590 20.970920 0.000000 0.000000 0.000000 0.000000
63.594079 0.009226 -47.176965 0.000000 0.000000 0.000000 72.822545 -71.557362 0.000000 -92.108286 -3.027582 0.000000 162.148190 -10.952866 0.000000 0.000000 0.000000 0.000000 0.000000 0.000000 0.000000 -161.152872 38.978827 0.000000 -139.415025 -3.044266 0.000000 0.000000 0.000000 0.000000 0.000000 0.000000 0.000000 -164.301452 25.048709 0.000000 144.267796 0.358988 0.000000 0.000000 0.000000 0.000000 0.000000 0.000000 0.000000 26.729115 86.192620 0.000000 1.886307 17.875650 0.000000 0.000000 0.000000 0.000000 -48.208494 73.677438 0.000000 -2.575147 21.571986 0.000000 0.000000 0.000000 0.000000
63.740304 0.009147 -47.222948 0.000000 0.000000 0.000000 58.523171 -69.836532 0.000000 -95.914918 -3.008347 0.000000 161.323208 -11.424757 0.000000 0.000000 0.000000 0.000000 0.000000 0.000000 0.000000 -161.431964 39.250982 0.000000 -138.698557 -3.172039 0.000000 0.000000 0.000000 0.000000 0.000000 0.000000 0.000000 -165.011896 24.284848 0.000000 143.678996 0.231322 0.000000 0.000000 0.000000 0.000000 0.000000 0.000000 0.000000 36.412174 86.605323 0.000000 1.592590 17.911276 0.000000 0.000000 0.000000 0.000000 -48.889346 73.487118 0.000000 -2.713543 21.923673 0.000000 0.000000 0.000000 0.000000
63.797060 0.009254 -47.217548 0.000000 0.000000 0.000000 72.986084 -71.867043 0.000000 -93.020078 -3.023855 0.000000 161.761077 -11.217773 0.000000 0.000000 0.000000 0.000000 0.000000 0.000000 0.000000 -158.443414 43.889649 0.000000 -139.203426 -3.134646 0.000000 0.000000 0.000000 0.000000 0.000000 0.000000 0.000000 -163.998036 25.252023 0.000000 143.695720 0.179909 0.000000 0.000000 0.000000 0.000000 0.000000 0.000000 0.000000 35.743506 86.725203 0.000000 1.609301 18.044286 0.000000 0.000000 0.000000 0.000000 -47.620811 73.174272 0.000000 -2.738558 21.897827 0.000000 0.000000 0.000000 0.000000
63.852745 0.009169 -47.221337 0.000000 0.000000 0.000000 72.877892 -71.971696 0.000000 -93.158827 -3.028105 0.000000 161.804082 -11.090434 0.000000 0.000000 0.000000 0.000000 0.000000 0.000000 0.000000 -159.844733 42.672128 0.000000 -138.973189 -3.135501 0.000000 0.000000 0.000000 0.000000 0.000000 0.000000 0.000000 -164.969427 24.005977 0.000000 145.711245 -0.031041 0.000000 0.000000 0.000000 0.000000 0.000000 0.000000 0.000000 70.968220 88.003453 0.000000 1.523356 17.794624 0.000000 0.000000 0.000000 0.000000 -49.509724 73.682466 0.000000 -2.775590 21.627748 0.000000 0.000000 0.000000 0.000000
63.887906 0.009140 -47.211339 0.000000 0.000000 0.000000 70.444001 -71.873515 0.000000 -92.837622 -2.981243 0.000000 161.993514 -10.950691 0.000000 0.000000 0.000000 0.000000 0.000000 0.000000 0.000000 -161.237711 41.467461 0.000000 -139.198142 -3.075747 0.000000 0.000000 0.000000 0.000000 0.000000 0.000000 0.000000 -164.967286 24.085629 0.000000 145.672184 -0.106730 0.000000 0.000000 0.000000 0.000000 0.000000 0.000000 0.000000 91.366296 88.151054 0.000000 1.512665 17.768637 0.000000 0.000000 0.000000 0.000000 -49.764030 73.705334 0.000000 -2.755570 21.601462 0.000000 0.000000 0.000000 0.000000
63.907954 0.009090 -47.204553 0.000000 0.000000 0.000000 72.080791 -72.212032 0.000000 -92.721554 -2.929953 0.000000 162.485108 -10.653084 0.000000 0.000000 0.000000 0.000000 0.000000 0.000000 0.000000 -161.319468 41.635424 0.000000 -140.706165 -2.926762 0.000000 0.000000 0.000000 0.000000 0.000000 0.000000 0.000000 -164.927685 24.259645 0.000000 146.483913 -0.310300 0.000000 0.000000 0.000000 0.000000 0.000000 0.000000 0.000000 137.708549 87.311659 0.000000 1.485388 17.567902 0.000000 0.000000 0.000000 0.000000 -50.451047 73.881123 0.000000 -2.695688 21.335612 0.000000 0.000000 0.000000 0.000000
63.899595 0.008978 -47.203726 0.000000 0.000000 0.000000 77.754774 -72.700248 0.000000 -90.737001 -2.844672 0.000000 163.068153 -10.472541 0.000000 0.000000 0.000000 0.000000 0.000000 0.000000 0.000000 -162.394348 40.074130 0.000000 -141.685626 -2.829246 0.000000 0.000000 0.000000 0.000000 0.000000 0.000000 0.000000 -164.848164 24.450326 0.000000 147.013184 -0.422337 0.000000 0.000000 0.000000 0.000000 0.000000 0.000000 0.000000 152.859991 85.760037 0.000000 1.478128 17.338501 0.000000 0.000000 0.000000 0.000000 -51.113446 74.185926 0.000000 -2.607008 20.891001 0.000000 0.000000 0.000000 0.000000
63.891572 0.008955 -47.197941 0.000000 0.000000 0.000000 79.028971 -73.040881 0.000000 -90.401487 -2.677040 0.000000 163.320368 -10.373670 0.000000 0.000000 0.000000 0.000000 0.000000 0.000000 0.000000 -163.090151 39.805818 0.000000 -142.996345 -2.652359 0.000000 0.000000 0.000000 0.000000 0.000000 0.000000 0.000000 -164.950932 24.791823 0.000000 147.268316 -0.599624 0.000000 0.000000 0.000000 0.000000 0.000000 0.000000 0.000000 156.113199 85.033840 0.000000 1.486695 17.285895 0.000000 0.000000 0.000000 0.000000 -51.940258 74.536700 0.000000 -2.596567 20.695922 0.000000 0.000000 0.000000 0.000000
63.885543 0.009047 -47.196487 0.000000 0.000000 0.000000 74.815538 -73.430268 0.000000 -88.934700 -2.497861 0.000000 163.587396 -10.534825 0.000000 0.000000 0.000000 0.000000 0.000000 0.000000 0.000000 -163.937154 40.106055 0.000000 -142.049172 -2.521787 0.000000 0.000000 0.000000 0.000000 0.000000 0.000000 0.000000 -165.449917 25.051914 0.000000 147.056550 -0.691833 0.000000 0.000000 0.000000 0.000000 0.000000 0.000000 0.000000 156.552588 84.907530 0.000000 1.557052 17.560900 0.000000 0.000000 0.000000 0.000000 -53.013568 74.945875 0.000000 -2.607095 20.830843 0.000000 0.000000 0.000000 0.000000
63.831303 0.009669 -47.187388 0.000000 0.000000 0.000000 67.718502 -73.714046 0.000000 -86.394506 -2.206317 0.000000 163.814664 -10.896068 0.000000 0.000000 0.000000 0.000000 0.000000 0.000000 0.000000 -164.510418 41.820007 0.000000 -139.189701 -2.481123 0.000000 0.000000 0.000000 0.000000 0.000000 0.000000 0.000000 -165.693006 26.086048 0.000000 145.723182 -0.826071 0.000000 0.000000 0.000000 0.000000 0.000000 0.000000 0.000000 151.879013 85.402217 0.000000 1.766043 18.233005 0.000000 0.000000 0.000000 0.000000 -53.745287 75.337286 0.000000 -2.697554 21.600915 0.000000 0.000000 0.000000 0.000000
63.701445 0.010212 -47.169831 0.000000 0.000000 0.000000 61.786412 -73.974354 0.000000 -86.309717 -1.821860 0.000000 164.001089 -11.325853 0.000000 0.000000 0.000000 0.000000 0.000000 0.000000 0.000000 -164.608611 44.653198 0.000000 -136.700273 -2.204358 0.000000 0.000000 0.000000 0.000000 0.000000 0.000000 0.000000 -166.091056 27.175135 0.000000 143.990430 -1.140450 0.000000 0.000000 0.000000 0.000000 0.000000 0.000000 0.000000 140.660570 86.217282 0.000000 1.964202 18.845590 0.000000 0.000000 0.000000 0.000000 -51.993116 75.689735 0.000000 -2.806663 22.328838 0.000000 0.000000 0.000000 0.000000
63.484576 0.010318 -47.149880 0.000000 0.000000 0.000000 60.828105 -74.752072 0.000000 -86.726854 -1.414979 0.000000 164.539363 -11.439580 0.000000 0.000000 0.000000 0.000000 0.000000 0.000000 0.000000 -164.870359 47.457497 0.000000 -135.511880 -2.048981 0.000000 0.000000 0.000000 0.000000 0.000000 0.000000 0.000000 -166.791430 27.093006 0.000000 144.361604 -1.341837 0.000000 0.000000 0.000000 0.000000 0.000000 0.000000 0.000000 117.646527 86.622145 0.000000 2.128541 18.985580 0.000000 0.000000 0.000000 0.000000 -49.432200 76.293731 0.000000 -2.898957 22.388745 0.000000 0.000000 0.000000 0.000000
63.212764 0.010535 -47.071953 0.000000 0.000000 0.000000 59.072179 -75.558616 0.000000 -87.133809 -0.902950 0.000000 165.252168 -11.546367 0.000000 0.000000 0.000000 0.000000 0.000000 0.000000 0.000000 -166.906727 47.453109 0.000000 -136.036684 -1.641657 0.000000 0.000000 0.000000 0.000000 0.000000 0.000000 0.000000 -167.516826 26.991923 0.000000 144.815181 -1.405574 0.000000 0.000000 0.000000 0.000000 0.000000 0.000000 0.000000 111.408277 86.147910 0.000000 2.361356 19.264362 0.000000 0.000000 0.000000 0.000000 -47.275765 77.104675 0.000000 -2.935127 22.497850 0.000000 0.000000 0.000000 0.000000
62.784070 0.010916 -47.027303 0.000000 0.000000 0.000000 54.745659 -75.358986 0.000000 -86.979147 -0.412338 0.000000 165.378424 -11.813023 0.000000 0.000000 0.000000 0.000000 0.000000 0.000000 0.000000 -169.555543 47.221341 0.000000 -136.654543 -1.414156 0.000000 0.000000 0.000000 0.000000 0.000000 0.000000 0.000000 -167.823636 27.635138 0.000000 145.089823 -1.583144 0.000000 0.000000 0.000000 0.000000 0.000000 0.000000 0.000000 103.125341 85.467806 0.000000 2.873390 20.386112 0.000000 0.000000 0.000000 0.000000 -45.603178 78.695191 0.000000 -3.095019 23.624500 0.000000 0.000000 0.000000 0.000000
62.329954 0.011518 -46.935301 0.000000 0.000000 0.000000 50.762427 -75.564442 0.000000 -85.873972 0.087493 0.000000 166.640598 -11.930180 0.000000 0.000000 0.000000 0.000000 0.000000 0.000000 0.000000 -173.539986 48.333607 0.000000 -135.724362 -0.935391 0.000000 0.000000 0.000000 0.000000 0.000000 0.000000 0.000000 -168.500282 28.978952 0.000000 145.012983 -1.814336 0.000000 0.000000 0.000000 0.000000 0.000000 0.000000 0.000000 98.907332 84.447435 0.000000 3.201517 21.007638 0.000000 0.000000 0.000000 0.000000 -40.734546 79.776114 0.000000 -3.136111 24.384341 0.000000 0.000000 0.000000 0.000000
61.812943 0.012533 -46.902965 0.000000 0.000000 0.000000 48.255459 -75.875115 0.000000 -84.593595 0.524599 0.000000 166.536563 -12.455734 0.000000 0.000000 0.000000 0.000000 0.000000 0.000000 0.000000 -172.291898 50.942850 0.000000 -129.978397 -0.640827 0.000000 0.000000 0.000000 0.000000 0.000000 0.000000 0.000000 -169.107997 29.569438 0.000000 142.761089 -2.173555 0.000000 0.000000 0.000000 0.000000 0.000000 0.000000 0.000000 90.876191 83.836861 0.000000 3.864111 21.921127 0.000000 0.000000 0.000000 0.000000 -34.078314 80.501471 0.000000 -3.005703 25.192864 0.000000 0.000000 0.000000 0.000000
61.263222 0.013103 -46.879423 0.000000 0.000000 0.000000 53.766351 -77.633846 0.000000 -83.465671 0.945611 0.000000 167.380768 -12.600472 0.000000 0.000000 0.000000 0.000000 0.000000 0.000000 0.000000 -173.602074 53.083779 0.000000 -130.708633 -0.382116 0.000000 0.000000 0.000000 0.000000 0.000000 0.000000 0.000000 -169.883593 29.345894 0.000000 143.358523 -2.397682 0.000000 0.000000 0.000000 0.000000 0.000000 0.000000 0.000000 86.581397 83.204020 0.000000 4.428009 21.575409 0.000000 0.000000 0.000000 0.000000 -25.339233 81.026668 0.000000 -2.735285 24.819075 0.000000 0.000000 0.000000 0.000000
60.747117 0.013954 -46.874480 0.000000 0.000000 0.000000 51.360546 -77.993159 0.000000 -83.089963 1.461479 0.000000 167.978327 -12.893612 0.000000 0.000000 0.000000 0.000000 0.000000 0.000000 0.000000 -177.563887 52.689802 0.000000 -130.244188 -0.094410 0.000000 0.000000 0.000000 0.000000 0.000000 0.000000 0.000000 -170.177335 30.567729 0.000000 143.123813 -2.950324 0.000000 0.000000 0.000000 0.000000 0.000000 0.000000 0.000000 71.550051 81.907315 0.000000 4.965981 22.038329 0.000000 0.000000 0.000000 0.000000 -17.035750 80.002352 0.000000 -2.301719 25.062308 0.000000 0.000000 0.000000 0.000000
60.297510 0.014138 -46.873099 0.000000 0.000000 0.000000 40.120316 -76.934008 0.000000 -76.197305 1.896316 0.000000 167.979980 -13.510424 0.000000 0.000000 0.000000 0.000000 0.000000 0.000000 0.000000 179.888612 52.804759 0.000000 -123.603207 0.362467 0.000000 0.000000 0.000000 0.000000 0.000000 0.000000 0.000000 -170.317156 31.972039 0.000000 141.926828 -3.412680 0.000000 0.000000 0.000000 0.000000 0.000000 0.000000 0.000000 56.665390 81.463841 0.000000 6.523433 24.006820 0.000000 0.000000 0.000000 0.000000 -11.793055 79.874123 0.000000 -2.064744 26.623287 0.000000 0.000000 0.000000 0.000000
59.739220 0.013927 -46.858452 0.000000 0.000000 0.000000 39.804661 -77.325468 0.000000 -72.805167 2.309350 0.000000 168.460071 -13.264475 0.000000 0.000000 0.000000 0.000000 0.000000 0.000000 0.000000 179.124528 47.756967 0.000000 -122.157840 0.864152 0.000000 0.000000 0.000000 0.000000 0.000000 0.000000 0.000000 -170.672604 32.934916 0.000000 144.638204 -3.610472 0.000000 0.000000 0.000000 0.000000 0.000000 0.000000 0.000000 44.512786 80.141124 0.000000 7.885673 24.760609 0.000000 0.000000 0.000000 0.000000 -8.592553 80.339972 0.000000 -1.351017 26.986393 0.000000 0.000000 0.000000 0.000000
59.117514 0.014325 -46.844463 0.000000 0.000000 0.000000 42.466062 -78.187978 0.000000 -73.169583 2.716189 0.000000 169.026455 -13.080982 0.000000 0.000000 0.000000 0.000000 0.000000 0.000000 0.000000 178.469207 41.367824 0.000000 -135.438125 0.954655 0.000000 0.000000 0.000000 0.000000 0.000000 0.000000 0.000000 -171.105271 31.516365 0.000000 148.219761 -3.465873 0.000000 0.000000 0.000000 0.000000 0.000000 0.000000 0.000000 53.342739 80.565629 0.000000 7.957844 23.399722 0.000000 0.000000 0.000000 0.000000 -7.339818 81.504752 0.000000 -0.302284 25.912304 0.000000 0.000000 0.000000 0.000000
58.376253 0.014114 -46.843740 0.000000 0.000000 0.000000 35.131153 -76.769052 0.000000 -72.058084 3.107556 0.000000 169.907873 -12.794302 0.000000 0.000000 0.000000 0.000000 0.000000 0.000000 0.000000 177.741190 40.198329 0.000000 -136.159217 1.133107 0.000000 0.000000 0.000000 0.000000 0.000000 0.000000 0.000000 -172.176704 30.821714 0.000000 148.398487 -3.448589 0.000000 0.000000 0.000000 0.000000 0.000000 0.000000 0.000000 56.538008 79.590814 0.000000 8.450558 23.171188 0.000000 0.000000 0.000000 0.000000 -5.363356 82.289558 0.000000 0.869326 25.407917 0.000000 0.000000 0.000000 0.000000
57.738277 0.014120 -46.827725 0.000000 0.000000 0.000000 25.511565 -73.963749 0.000000 -72.077673 3.514980 0.000000 170.257776 -13.023838 0.000000 0.000000 0.000000 0.000000 0.000000 0.000000 0.000000 177.483198 39.025817 0.000000 -133.226262 1.476506 0.000000 0.000000 0.000000 0.000000 0.000000 0.000000 0.000000 -172.969761 29.444469 0.000000 147.549519 -3.569887 0.000000 0.000000 0.000000 0.000000 0.000000 0.000000 0.000000 58.269516 78.501065 0.000000 8.959330 23.074255 0.000000 0.000000 0.000000 0.000000 0.464972 82.393646 0.000000 1.583692 25.207531 0.000000 0.000000 0.000000 0.000000
57.112864 0.013439 -46.835156 0.000000 0.000000 0.000000 19.237784 -69.678549 0.000000 -69.819397 3.771738 0.000000 170.504547 -12.845309 0.000000 0.000000 0.000000 0.000000 0.000000 0.000000 0.000000 177.436412 35.698219 0.000000 -133.285599 1.751856 0.000000 0.000000 0.000000 0.000000 0.000000 0.000000 0.000000 -173.599407 29.116646 0.000000 148.832938 -3.544832 0.000000 0.000000 0.000000 0.000000 0.000000 0.000000 0.000000 55.550797 77.305021 0.000000 9.789281 23.220998 0.000000 0.000000 0.000000 0.000000 4.961857 82.678313 0.000000 2.339032 24.955532 0.000000 0.000000 0.000000 0.000000
56.577629 0.012632 -46.861567 0.000000 0.000000 0.000000 14.662647 -66.473624 0.000000 -69.451211 4.077620 0.000000 170.702980 -13.101919 0.000000 0.000000 0.000000 0.000000 0.000000 0.000000 0.000000 177.178588 34.359995 0.000000 -134.558971 1.956527 0.000000 0.000000 0.000000 0.000000 0.000000 0.000000 0.000000 -174.480904 28.388780 0.000000 149.151251 -3.706576 0.000000 0.000000 0.000000 0.000000 0.000000 0.000000 0.000000 52.041635 76.305948 0.000000 10.253637 23.007108 0.000000 0.000000 0.000000 0.000000 11.481143 80.482348 0.000000 2.576085 24.806415 0.000000 0.000000 0.000000 0.000000
55.964634 0.012593 -46.875709 0.000000 0.000000 0.000000 14.422294 -67.060869 0.000000 -69.511734 4.392996 0.000000 171.066087 -13.042850 0.000000 0.000000 0.000000 0.000000 0.000000 0.000000 0.000000 177.059617 35.347292 0.000000 -133.070355 2.251611 0.000000 0.000000 0.000000 0.000000 0.000000 0.000000 0.000000 -174.397689 29.669563 0.000000 148.121052 -4.013895 0.000000 0.000000 0.000000 0.000000 0.000000 0.000000 0.000000 48.798280 74.596436 0.000000 10.990154 23.364543 0.000000 0.000000 0.000000 0.000000 15.003827 79.001483 0.000000 3.036053 24.891606 0.000000 0.000000 0.000000 0.000000
55.380918 0.012326 -46.888041 0.000000 0.000000 0.000000 13.360957 -67.042814 0.000000 -67.204887 4.672372 0.000000 171.526650 -13.166529 0.000000 0.000000 0.000000 0.000000 0.000000 0.000000 0.000000 176.979646 35.045931 0.000000 -132.819066 2.433153 0.000000 0.000000 0.000000 0.000000 0.000000 0.000000 0.000000 -174.507842 28.750310 0.000000 147.746280 -4.244584 0.000000 0.000000 0.000000 0.000000 0.000000 0.000000 0.000000 52.431179 74.254574 0.000000 11.422559 23.613307 0.000000 0.000000 0.000000 0.000000 21.296535 79.892160 0.000000 3.540809 24.631327 0.000000 0.000000 0.000000 0.000000
54.864611 0.012336 -46.917075 0.000000 0.000000 0.000000 11.355835 -67.168511 0.000000 -67.127706 4.969695 0.000000 171.571673 -13.249023 0.000000 0.000000 0.000000 0.000000 0.000000 0.000000 0.000000 176.331298 35.202314 0.000000 -132.616901 2.601252 0.000000 0.000000 0.000000 0.000000 0.000000 0.000000 0.000000 -174.832395 29.170517 0.000000 147.512693 -4.462737 0.000000 0.000000 0.000000 0.000000 0.000000 0.000000 0.000000 55.346687 73.923802 0.000000 11.528403 23.641315 0.000000 0.000000 0.000000 0.000000 28.546765 79.777871 0.000000 3.818653 24.517118 0.000000 0.000000 0.000000 0.000000
54.398136 0.012161 -46.951427 0.000000 0.000000 0.000000 9.692071 -67.469591 0.000000 -67.328868 5.195172 0.000000 171.825900 -13.114863 0.000000 0.000000 0.000000 0.000000 0.000000 0.000000 0.000000 175.459004 35.847679 0.000000 -131.606737 2.782820 0.000000 0.000000 0.000000 0.000000 0.000000 0.000000 0.000000 -175.123633 29.302606 0.000000 148.292087 -4.507873 0.000000 0.000000 0.000000 0.000000 0.000000 0.000000 0.000000 57.659299 73.778158 0.000000 11.586718 23.484829 0.000000 0.000000 0.000000 0.000000 33.969457 79.548311 0.000000 4.179530 24.321832 0.000000 0.000000 0.000000 0.000000
53.956851 0.012301 -46.982512 0.000000 0.000000 0.000000 9.230374 -68.644974 0.000000 -67.028950 5.393871 0.000000 172.099515 -13.007566 0.000000 0.000000 0.000000 0.000000 0.000000 0.000000 0.000000 174.610650 36.815068 0.000000 -130.512591 2.890102 0.000000 0.000000 0.000000 0.000000 0.000000 0.000000 0.000000 -176.330320 29.099605 0.000000 148.674084 -4.621094 0.000000 0.000000 0.000000 0.000000 0.000000 0.000000 0.000000 59.951942 73.335865 0.000000 11.625202 23.299852 0.000000 0.000000 0.000000 0.000000 38.842387 78.991719 0.000000 4.391874 24.175423 0.000000 0.000000 0.000000 0.000000
53.588584 0.012322 -47.024798 0.000000 0.000000 0.000000 7.756702 -68.573745 0.000000 -66.898120 5.646042 0.000000 172.360062 -13.109047 0.000000 0.000000 0.000000 0.000000 0.000000 0.000000 0.000000 174.350646 36.901563 0.000000 -128.941109 2.999539 0.000000 0.000000 0.000000 0.000000 0.000000 0.000000 0.000000 -176.883742 28.750161 0.000000 148.931688 -4.773573 0.000000 0.000000 0.000000 0.000000 0.000000 0.000000 0.000000 64.686758 73.227569 0.000000 11.376514 23.061797 0.000000 0.000000 0.000000 0.000000 42.866614 78.882659 0.000000 4.673603 23.939764 0.000000 0.000000 0.000000 0.000000
53.274508 0.012475 -47.034173 0.000000 0.000000 0.000000 6.281975 -68.835418 0.000000 -67.196773 5.930332 0.000000 172.509971 -13.174630 0.000000 0.000000 0.000000 0.000000 0.000000 0.000000 0.000000 174.360551 37.273743 0.000000 -127.687714 3.106847 0.000000 0.000000 0.000000 0.000000 0.000000 0.000000 0.000000 -177.280927 28.993637 0.000000 148.718800 -4.920230 0.000000 0.000000 0.000000 0.000000 0.000000 0.000000 0.000000 70.840459 72.711413 0.000000 11.010721 22.776767 0.000000 0.000000 0.000000 0.000000 45.174125 79.190080 0.000000 5.083191 23.815334 0.000000 0.000000 0.000000 0.000000
52.990130 0.012827 -47.086900 0.000000 0.000000 0.000000 4.041598 -68.223480 0.000000 -68.139715 6.152070 0.000000 172.493414 -13.222678 0.000000 0.000000 0.000000 0.000000 0.000000 0.000000 0.000000 174.138160 38.128980 0.000000 -129.114896 3.112775 0.000000 0.000000 0.000000 0.000000 0.000000 0.000000 0.000000 -177.665378 28.305811 0.000000 148.953360 -5.010722 0.000000 0.000000 0.000000 0.000000 0.000000 0.000000 0.000000 72.657787 71.755269 0.000000 10.428281 22.122520 0.000000 0.000000 0.000000 0.000000 47.597773 79.101788 0.000000 5.291554 23.484305 0.000000 0.000000 0.000000 0.000000
52.705370 0.012816 -47.121572 0.000000 0.000000 0.000000 3.628824 -68.333208 0.000000 -68.439575 6.380785 0.000000 172.688436 -13.459071 0.000000 0.000000 0.000000 0.000000 0.000000 0.000000 0.000000 174.199558 38.547201 0.000000 -127.275815 3.171490 0.000000 0.000000 0.000000 0.000000 0.000000 0.000000 0.000000 -177.815058 28.502389 0.000000 148.805151 -5.166436 0.000000 0.000000 0.000000 0.000000 0.000000 0.000000 0.000000 81.670504 71.331183 0.000000 10.083615 21.597354 0.000000 0.000000 0.000000 0.000000 61.642501 81.044145 0.000000 5.573458 22.494531 0.000000 0.000000 0.000000 0.000000
52.464652 0.012923 -47.178127 0.000000 0.000000 0.000000 2.211649 -68.386127 0.000000 -68.791619 6.548734 0.000000 172.587790 -13.419359 0.000000 0.000000 0.000000 0.000000 0.000000 0.000000 0.000000 173.969603 38.731128 0.000000 -128.047605 3.175900 0.000000 0.000000 0.000000 0.000000 0.000000 0.000000 0.000000 -177.938855 27.468452 0.000000 149.473018 -5.158677 0.000000 0.000000 0.000000 0.000000 0.000000 0.000000 0.000000 84.740385 70.623407 0.000000 9.695799 21.237274 0.000000 0.000000 0.000000 0.000000 70.045535 81.085231 0.000000 5.558859 21.986397 0.000000 0.000000 0.000000 0.000000
52.252424 0.012931 -47.234878 0.000000 0.000000 0.000000 1.987372 -68.487715 0.000000 -68.958962 6.751322 0.000000 172.967050 -13.414951 0.000000 0.000000 0.000000 0.000000 0.000000 0.000000 0.000000 174.862239 39.124371 0.000000 -127.909105 3.223918 0.000000 0.000000 0.000000 0.000000 0.000000 0.000000 0.000000 -177.847990 27.703852 0.000000 150.000004 -5.288910 0.000000 0.000000 0.000000 0.000000 0.000000 0.000000 0.000000 89.142045 69.999324 0.000000 9.491389 20.947185 0.000000 0.000000 0.000000 0.000000 71.100903 80.687254 0.000000 5.693409 21.866681 0.000000 0.000000 0.000000 0.000000
52.076983 0.012943 -47.296825 0.000000 0.000000 0.000000 0.565430 -68.491425 0.000000 -69.088519 6.914368 0.000000 172.950812 -13.292605 0.000000 0.000000 0.000000 0.000000 0.000000 0.000000 0.000000 174.547430 39.015126 0.000000 -129.468942 3.162560 0.000000 0.000000 0.000000 0.000000 0.000000 0.000000 0.000000 -177.890472 27.625665 0.000000 150.507013 -5.283722 0.000000 0.000000 0.000000 0.000000 0.000000 0.000000 0.000000 92.185167 69.460156 0.000000 9.040624 20.157235 0.000000 0.000000 0.000000 0.000000 75.153064 80.426223 0.000000 5.399391 20.748001 0.000000 0.000000 0.000000 0.000000
51.907955 0.012845 -47.325628 0.000000 0.000000 0.000000 0.069051 -67.157654 0.000000 -67.953979 6.997807 0.000000 172.921560 -13.318504 0.000000 0.000000 0.000000 0.000000 0.000000 0.000000 0.000000 174.661985 39.623432 0.000000 -128.372330 3.440007 0.000000 0.000000 0.000000 0.000000 0.000000 0.000000 0.000000 -177.954650 28.344677 0.000000 150.791416 -5.348384 0.000000 0.000000 0.000000 0.000000 0.000000 0.000000 0.000000 98.270207 68.968552 0.000000 8.936139 19.969034 0.000000 0.000000 0.000000 0.000000 81.467508 80.220818 0.000000 5.472117 20.700853 0.000000 0.000000 0.000000 0.000000
51.728049 0.012933 -47.339414 0.000000 0.000000 0.000000 0.414783 -66.562966 0.000000 -67.919993 7.090006 0.000000 172.951233 -13.418785 0.000000 0.000000 0.000000 0.000000 0.000000 0.000000 0.000000 174.662665 41.349390 0.000000 -125.750612 3.696222 0.000000 0.000000 0.000000 0.000000 0.000000 0.000000 0.000000 -178.019296 28.491221 0.000000 149.892905 -5.567081 0.000000 0.000000 0.000000 0.000000 0.000000 0.000000 0.000000 97.153630 68.901610 0.000000 9.391718 20.596621 0.000000 0.000000 0.000000 0.000000 81.247071 79.858410 0.000000 5.688790 21.233775 0.000000 0.000000 0.000000 0.000000
51.671463 0.012956 -47.341402 0.000000 0.000000 0.000000 -0.057414 -66.620100 0.000000 -67.978004 7.150577 0.000000 172.980057 -13.415424 0.000000 0.000000 0.000000 0.000000 0.000000 0.000000 0.000000 175.322152 41.012754 0.000000 -125.583153 3.873105 0.000000 0.000000 0.000000 0.000000 0.000000 0.000000 0.000000 -178.265183 28.491701 0.000000 149.433165 -5.693572 0.000000 0.000000 0.000000 0.000000 0.000000 0.000000 0.000000 96.640156 69.000352 0.000000 9.512852 20.702695 0.000000 0.000000 0.000000 0.000000 81.312892 79.800167 0.000000 5.720453 21.248535 0.000000 0.000000 0.000000 0.000000
51.588377 0.012755 -47.342609 0.000000 0.000000 0.000000 -0.203644 -65.469676 0.000000 -65.639738 7.085133 0.000000 173.019190 -13.464193 0.000000 0.000000 0.000000 0.000000 0.000000 0.000000 0.000000 174.784553 41.564815 0.000000 -124.578016 3.946347 0.000000 0.000000 0.000000 0.000000 0.000000 0.000000 0.000000 -178.371411 29.006566 0.000000 149.220771 -5.780355 0.000000 0.000000 0.000000 0.000000 0.000000 0.000000 0.000000 96.065702 69.356729 0.000000 10.256159 21.574669 0.000000 0.000000 0.000000 0.000000 80.927027 79.614501 0.000000 6.076276 22.323715 0.000000 0.000000 0.000000 0.000000
51.513940 0.012823 -47.341709 0.000000 0.000000 0.000000 -0.081621 -65.484685 0.000000 -65.663855 7.125086 0.000000 173.050830 -13.396500 0.000000 0.000000 0.000000 0.000000 0.000000 0.000000 0.000000 174.565144 42.142074 0.000000 -123.439896 4.030757 0.000000 0.000000 0.000000 0.000000 0.000000 0.000000 0.000000 -178.401374 29.372636 0.000000 149.055268 -5.882956 0.000000 0.000000 0.000000 0.000000 0.000000 0.000000 0.000000 95.081789 69.409626 0.000000 10.578255 21.942177 0.000000 0.000000 0.000000 0.000000 81.337071 79.630284 0.000000 6.230383 22.559716 0.000000 0.000000 0.000000 0.000000
51.464696 0.012810 -47.336677 0.000000 0.000000 0.000000 -0.534206 -65.530330 0.000000 -66.031899 7.161056 0.000000 172.983193 -13.379799 0.000000 0.000000 0.000000 0.000000 0.000000 0.000000 0.000000 173.798311 41.836300 0.000000 -123.745173 3.991226 0.000000 0.000000 0.000000 0.000000 0.000000 0.000000 0.000000 -178.494813 29.219685 0.000000 148.835705 -5.953599 0.000000 0.000000 0.000000 0.000000 0.000000 0.000000 0.000000 94.339168 69.435700 0.000000 10.759497 22.176373 0.000000 0.000000 0.000000 0.000000 81.246570 79.501266 0.000000 6.414077 23.145080 0.000000 0.000000 0.000000 0.000000
51.398079 0.012637 -47.335964 0.000000 0.000000 0.000000 -0.182797 -65.275527 0.000000 -64.487355 7.072056 0.000000 173.232296 -13.124188 0.000000 0.000000 0.000000 0.000000 0.000000 0.000000 0.000000 173.768811 41.841627 0.000000 -124.460913 3.922789 0.000000 0.000000 0.000000 0.000000 0.000000 0.000000 0.000000 -178.644683 30.205557 0.000000 149.670472 -5.829880 0.000000 0.000000 0.000000 0.000000 0.000000 0.000000 0.000000 92.965401 69.794578 0.000000 11.354532 22.690278 0.000000 0.000000 0.000000 0.000000 80.653569 79.351964 0.000000 6.520521 23.397760 0.000000 0.000000 0.000000 0.000000
51.373196 0.012756 -47.335176 0.000000 0.000000 0.000000 -0.461578 -65.288798 0.000000 -64.569117 7.081113 0.000000 173.206406 -13.122263 0.000000 0.000000 0.000000 0.000000 0.000000 0.000000 0.000000 173.372607 42.019035 0.000000 -124.824982 3.838323 0.000000 0.000000 0.000000 0.000000 0.000000 0.000000 0.000000 -178.794959 30.159845 0.000000 148.850473 -5.958809 0.000000 0.000000 0.000000 0.000000 0.000000 0.000000 0.000000 92.456209 69.840868 0.000000 11.401438 22.760310 0.000000 0.000000 0.000000 0.000000 81.309786 79.321311 0.000000 6.547941 23.450036 0.000000 0.000000 0.000000 0.000000
51.330984 0.012914 -47.335818 0.000000 0.000000 0.000000 -0.066649 -65.130949 0.000000 -64.676086 7.041577 0.000000 172.975914 -13.498813 0.000000 0.000000 0.000000 0.000000 0.000000 0.000000 0.000000 172.807674 44.314174 0.000000 -118.641149 3.931634 0.000000 0.000000 0.000000 0.000000 0.000000 0.000000 0.000000 -178.738871 30.680755 0.000000 145.659409 -6.439622 0.000000 0.000000 0.000000 0.000000 0.000000 0.000000 0.000000 89.632408 70.007998 0.000000 12.424579 24.343265 0.000000 0.000000 0.000000 0.000000 81.274937 79.110996 0.000000 7.089120 25.198559 0.000000 0.000000 0.000000 0.000000
51.297452 0.012929 -47.350672 0.000000 0.000000 0.000000 0.063842 -65.136112 0.000000 -64.558977 6.897500 0.000000 172.904277 -13.485969 0.000000 0.000000 0.000000 0.000000 0.000000 0.000000 0.000000 172.943554 42.973613 0.000000 -117.875243 3.853550 0.000000 0.000000 0.000000 0.000000 0.000000 0.000000 0.000000 -178.799531 30.223810 0.000000 146.686183 -6.242705 0.000000 0.000000 0.000000 0.000000 0.000000 0.000000 0.000000 80.420418 69.672404 0.000000 12.593099 24.626887 0.000000 0.000000 0.000000 0.000000 68.679785 78.345609 0.000000 6.953910 24.768445 0.000000 0.000000 0.000000 0.000000
51.288423 0.012364 -47.351246 0.000000 0.000000 0.000000 0.379458 -66.809716 0.000000 -62.273145 6.735351 0.000000 172.951526 -13.330490 0.000000 0.000000 0.000000 0.000000 0.000000 0.000000 0.000000 173.033278 42.799189 0.000000 -116.672574 3.942670 0.000000 0.000000 0.000000 0.000000 0.000000 0.000000 0.000000 -178.763367 30.376404 0.000000 148.314673 -6.022307 0.000000 0.000000 0.000000 0.000000 0.000000 0.000000 0.000000 78.880767 69.528288 0.000000 12.434053 24.355907 0.000000 0.000000 0.000000 0.000000 61.614821 77.683612 0.000000 6.840745 24.502015 0.000000 0.000000 0.000000 0.000000
51.269650 0.012346 -47.352615 0.000000 0.000000 0.000000 0.576886 -66.721013 0.000000 -62.462476 6.694258 0.000000 172.877301 -13.417387 0.000000 0.000000 0.000000 0.000000 0.000000 0.000000 0.000000 173.028160 42.856050 0.000000 -118.299800 3.849915 0.000000 0.000000 0.000000 0.000000 0.000000 0.000000 0.000000 -178.730122 30.470179 0.000000 147.449758 -6.124053 0.000000 0.000000 0.000000 0.000000 0.000000 0.000000 0.000000 73.458646 69.343222 0.000000 12.694060 24.515003 0.000000 0.000000 0.000000 0.000000 59.666622 77.365260 0.000000 6.846827 24.494688 0.000000 0.000000 0.000000 0.000000
51.250617 0.011963 -47.352663 0.000000 0.000000 0.000000 0.824332 -67.290418 0.000000 -61.740091 6.631969 0.000000 172.871516 -13.343602 0.000000 0.000000 0.000000 0.000000 0.000000 0.000000 0.000000 172.891735 43.615326 0.000000 -118.275914 3.836352 0.000000 0.000000 0.000000 0.000000 0.000000 0.000000 0.000000 -178.686972 31.066701 0.000000 147.183480 -6.087954 0.000000 0.000000 0.000000 0.000000 0.000000 0.000000 0.000000 72.195437 69.337395 0.000000 12.723266 24.421652 0.000000 0.000000 0.000000 0.000000 56.790655 76.890506 0.000000 6.882320 24.600037 0.000000 0.000000 0.000000 0.000000
51.252736 0.012204 -47.351305 0.000000 0.000000 0.000000 1.024171 -69.481801 0.000000 -62.100823 6.549199 0.000000 173.014133 -13.059011 0.000000 0.000000 0.000000 0.000000 0.000000 0.000000 0.000000 173.048637 43.055254 0.000000 -120.807369 3.692688 0.000000 0.000000 0.000000 0.000000 0.000000 0.000000 0.000000 -178.702868 30.741127 0.000000 148.344302 -5.872732 0.000000 0.000000 0.000000 0.000000 0.000000 0.000000 0.000000 72.154319 69.304703 0.000000 12.322837 23.813549 0.000000 0.000000 0.000000 0.000000 55.537580 76.846931 0.000000 6.667797 23.807963 0.000000 0.000000 0.000000 0.000000
51.250899 0.012221 -47.344747 0.000000 0.000000 0.000000 1.147450 -69.338158 0.000000 -61.842207 6.522160 0.000000 172.896163 -13.220472 0.000000 0.000000 0.000000 0.000000 0.000000 0.000000 0.000000 172.966292 43.443366 0.000000 -118.352261 3.766524 0.000000 0.000000 0.000000 0.000000 0.000000 0.000000 0.000000 -178.675946 31.235147 0.000000 146.748505 -6.084049 0.000000 0.000000 0.000000 0.000000 0.000000 0.000000 0.000000 72.137212 69.430749 0.000000 12.595779 24.160289 0.000000 0.000000 0.000000 0.000000 55.903467 76.906850 0.000000 6.807226 24.243671 0.000000 0.000000 0.000000 0.000000
51.253211 0.012247 -47.333615 0.000000 0.000000 0.000000 1.115212 -67.766142 0.000000 -61.734544 6.382206 0.000000 172.826472 -13.353550 0.000000 0.000000 0.000000 0.000000 0.000000 0.000000 0.000000 173.207569 42.522589 0.000000 -119.304279 3.668330 0.000000 0.000000 0.000000 0.000000 0.000000 0.000000 0.000000 -178.759951 31.440449 0.000000 146.590562 -6.147679 0.000000 0.000000 0.000000 0.000000 0.000000 0.000000 0.000000 72.395712 69.533963 0.000000 12.942775 24.675470 0.000000 0.000000 0.000000 0.000000 58.927747 77.289515 0.000000 6.975657 24.824297 0.000000 0.000000 0.000000 0.000000
51.250724 0.012426 -47.329821 0.000000 0.000000 0.000000 1.183129 -67.396295 0.000000 -61.963697 6.352139 0.000000 172.819362 -13.426331 0.000000 0.000000 0.000000 0.000000 0.000000 0.000000 0.000000 173.102431 42.966114 0.000000 -119.688522 3.632215 0.000000 0.000000 0.000000 0.000000 0.000000 0.000000 0.000000 -178.726174 31.424159 0.000000 146.882177 -6.094490 0.000000 0.000000 0.000000 0.000000 0.000000 0.000000 0.000000 71.959534 69.706701 0.000000 13.081590 24.722719 0.000000 0.000000 0.000000 0.000000 58.640627 77.250909 0.000000 7.051590 25.038077 0.000000 0.000000 0.000000 0.000000
51.262811 0.012433 -47.319856 0.000000 0.000000 0.000000 1.355641 -67.144211 0.000000 -61.940728 6.337886 0.000000 172.806958 -13.392686 0.000000 0.000000 0.000000 0.000000 0.000000 0.000000 0.000000 173.157259 42.654558 0.000000 -121.819754 3.498516 0.000000 0.000000 0.000000 0.000000 0.000000 0.000000 0.000000 -178.794392 31.451790 0.000000 147.277909 -6.037701 0.000000 0.000000 0.000000 0.000000 0.000000 0.000000 0.000000 72.065993 69.753270 0.000000 13.047885 24.674024 0.000000 0.000000 0.000000 0.000000 59.630127 77.415512 0.000000 7.010217 24.971705 0.000000 0.000000 0.000000 0.000000
51.264113 0.012456 -47.319736 0.000000 0.000000 0.000000 1.667906 -67.001136 0.000000 -62.073242 6.340792 0.000000 172.866132 -13.384890 0.000000 0.000000 0.000000 0.000000 0.000000 0.000000 0.000000 173.363760 42.506422 0.000000 -122.471195 3.514498 0.000000 0.000000 0.000000 0.000000 0.000000 0.000000 0.000000 -178.966585 31.415281 0.000000 148.321553 -5.881723 0.000000 0.000000 0.000000 0.000000 0.000000 0.000000 0.000000 72.047623 69.888296 0.000000 13.038736 24.571788 0.000000 0.000000 0.000000 0.000000 59.653972 77.397315 0.000000 6.992589 24.944496 0.000000 0.000000 0.000000 0.000000
51.283757 0.012485 -47.296254 0.000000 0.000000 0.000000 1.975980 -67.741346 0.000000 -61.734548 6.338384 0.000000 172.920333 -13.249539 0.000000 0.000000 0.000000 0.000000 0.000000 0.000000 0.000000 173.528055 41.777609 0.000000 -123.348920 3.530269 0.000000 0.000000 0.000000 0.000000 0.000000 0.000000 0.000000 -178.849890 31.138433 0.000000 148.603957 -5.804040 0.000000 0.000000 0.000000 0.000000 0.000000 0.000000 0.000000 72.950689 70.069081 0.000000 12.960944 24.464724 0.000000 0.000000 0.000000 0.000000 62.597792 77.812449 0.000000 6.867995 24.573311 0.000000 0.000000 0.000000 0.000000
51.288669 0.012797 -47.287428 0.000000 0.000000 0.000000 2.423037 -68.238835 0.000000 -63.712649 6.379651 0.000000 172.820848 -13.203151 0.000000 0.000000 0.000000 0.000000 0.000000 0.000000 0.000000 172.180791 41.644274 0.000000 -123.795151 3.524176 0.000000 0.000000 0.000000 0.000000 0.000000 0.000000 0.000000 -178.815990 31.034467 0.000000 147.872006 -5.899197 0.000000 0.000000 0.000000 0.000000 0.000000 0.000000 0.000000 73.897246 70.198646 0.000000 12.844457 24.270601 0.000000 0.000000 0.000000 0.000000 64.470146 77.900360 0.000000 6.745568 24.395904 0.000000 0.000000 0.000000 0.000000
51.317972 0.012626 -47.154082 0.000000 0.000000 0.000000 1.874444 -65.587038 0.000000 -63.295644 6.249615 0.000000 172.534229 -12.970569 0.000000 0.000000 0.000000 0.000000 0.000000 0.000000 0.000000 169.630443 37.237120 0.000000 -130.808968 3.198533 0.000000 0.000000 0.000000 0.000000 0.000000 0.000000 0.000000 -178.883610 29.311915 0.000000 147.410631 -6.404236 0.000000 0.000000 0.000000 0.000000 0.000000 0.000000 0.000000 80.803523 70.931764 0.000000 13.180940 24.890965 0.000000 0.000000 0.000000 0.000000 79.881193 78.993517 0.000000 6.949210 25.143036 0.000000 0.000000 0.000000 0.000000
51.319697 0.012577 -47.151178 0.000000 0.000000 0.000000 1.801628 -64.779574 0.000000 -69.281309 6.316338 0.000000 172.889248 -12.017460 0.000000 0.000000 0.000000 0.000000 0.000000 0.000000 0.000000 166.142712 30.773830 0.000000 -146.511541 2.281413 0.000000 0.000000 0.000000 0.000000 0.000000 0.000000 0.000000 179.576441 27.795885 0.000000 154.047889 -5.696955 0.000000 0.000000 0.000000 0.000000 0.000000 0.000000 0.000000 86.568500 71.135295 0.000000 12.233482 23.329048 0.000000 0.000000 0.000000 0.000000 102.903376 78.872752 0.000000 6.518570 23.840322 0.000000 0.000000 0.000000 0.000000
51.461048 0.013535 -47.258189 0.000000 0.000000 0.000000 6.565294 -81.698243 0.000000 -72.023638 6.316659 0.000000 172.836258 -11.765908 0.000000 0.000000 0.000000 0.000000 0.000000 0.000000 0.000000 163.619313 27.545035 0.000000 -144.261250 2.435466 0.000000 0.000000 0.000000 0.000000 0.000000 0.000000 0.000000 178.200297 29.238762 0.000000 152.972579 -6.306406 0.000000 0.000000 0.000000 0.000000 0.000000 0.000000 0.000000 80.712739 71.221718 0.000000 10.617444 20.682865 0.000000 0.000000 0.000000 0.000000 95.775298 79.301976 0.000000 5.606594 21.048758 0.000000 0.000000 0.000000 0.000000
51.510517 0.014254 -47.252668 0.000000 0.000000 0.000000 14.715680 -82.198271 0.000000 -69.027790 6.001513 0.000000 172.545288 -12.142477 0.000000 0.000000 0.000000 0.000000 0.000000 0.000000 0.000000 161.158610 28.248122 0.000000 -149.947182 4.040674 0.000000 0.000000 0.000000 0.000000 0.000000 0.000000 0.000000 177.715687 32.018835 0.000000 154.628378 -2.458364 0.000000 0.000000 0.000000 0.000000 0.000000 0.000000 0.000000 82.809073 71.462046 0.000000 12.807307 24.337016 0.000000 0.000000 0.000000 0.000000 120.405374 77.928017 0.000000 6.555732 24.315717 0.000000 0.000000 0.000000 0.000000
51.829116 0.013652 -47.263208 0.000000 0.000000 0.000000 172.109680 -71.132570 0.000000 -62.041182 5.652317 0.000000 173.639758 -10.329003 0.000000 0.000000 0.000000 0.000000 0.000000 0.000000 0.000000 151.745900 32.443486 0.000000 -162.242279 6.097075 0.000000 0.000000 0.000000 0.000000 0.000000 0.000000 0.000000 177.879843 38.706364 0.000000 174.464490 2.679565 0.000000 0.000000 0.000000 0.000000 0.000000 0.000000 0.000000 134.908560 65.667517 0.000000 10.666272 20.793477 0.000000 0.000000 0.000000 0.000000 149.659697 72.536911 0.000000 5.951841 22.486228 0.000000 0.000000 0.000000 0.000000
51.938465 0.014055 -47.316776 0.000000 0.000000 0.000000 166.872428 -73.150860 0.000000 -56.193023 5.276456 0.000000 173.265365 -10.896027 0.000000 0.000000 0.000000 0.000000 0.000000 0.000000 0.000000 149.617128 34.982000 0.000000 -164.314212 10.019017 0.000000 0.000000 0.000000 0.000000 0.000000 0.000000 0.000000 -0.731727 62.390395 0.000000 177.965429 12.329456 0.000000 0.000000 0.000000 0.000000 0.000000 0.000000 0.000000 145.004045 61.491773 0.000000 12.971006 24.427696 0.000000 0.000000 0.000000 0.000000 160.447332 65.679633 0.000000 6.590469 24.670700 0.000000 0.000000 0.000000 0.000000
52.170700 0.015608 -47.438388 0.000000 0.000000 0.000000 173.827694 -56.282828 0.000000 -59.854934 5.392451 0.000000 173.103648 -10.745001 0.000000 0.000000 0.000000 0.000000 0.000000 0.000000 0.000000 113.171984 51.366268 0.000000 -170.451979 15.841139 0.000000 0.000000 0.000000 0.000000 0.000000 0.000000 0.000000 -3.341180 45.975854 0.000000 -177.672798 22.772945 0.000000 0.000000 0.000000 0.000000 0.000000 0.000000 0.000000 139.525003 65.075140 0.000000 13.010926 24.546788 0.000000 0.000000 0.000000 0.000000 157.822276 69.721492 0.000000 6.611499 25.646310 0.000000 0.000000 0.000000 0.000000
52.255797 0.016778 -47.441597 0.000000 0.000000 0.000000 167.455768 -66.888863 0.000000 -70.375431 5.336660 0.000000 172.363005 -11.164905 0.000000 0.000000 0.000000 0.000000 0.000000 0.000000 0.000000 51.607634 49.675113 0.000000 178.641652 17.920950 0.000000 0.000000 0.000000 0.000000 0.000000 0.000000 0.000000 -8.184209 41.552266 0.000000 -174.986184 22.045400 0.000000 0.000000 0.000000 0.000000 0.000000 0.000000 0.000000 149.670219 59.782417 0.000000 11.656008 22.143696 0.000000 0.000000 0.000000 0.000000 162.923557 64.558210 0.000000 5.688773 22.738427 0.000000 0.000000 0.000000 0.000000
52.459899 0.018324 -47.493686 0.000000 0.000000 0.000000 170.185461 -57.876359 0.000000 -78.191201 5.022405 0.000000 170.753628 -11.580820 0.000000 0.000000 0.000000 0.000000 0.000000 0.000000 0.000000 44.826844 48.207490 0.000000 171.790856 19.902258 0.000000 0.000000 0.000000 0.000000 0.000000 0.000000 0.000000 -12.020793 36.574514 0.000000 -175.906900 22.363101 0.000000 0.000000 0.000000 0.000000 0.000000 0.000000 0.000000 148.426773 61.589674 0.000000 10.717469 20.946116 0.000000 0.000000 0.000000 0.000000 161.459925 66.422070 0.000000 5.508130 22.491068 0.000000 0.000000 0.000000 0.000000
52.724817 0.017788 -47.496615 0.000000 0.000000 0.000000 171.387473 -51.407600 0.000000 -77.936558 4.500546 0.000000 169.734186 -11.380407 0.000000 0.000000 0.000000 0.000000 0.000000 0.000000 0.000000 38.379732 39.065919 0.000000 172.551985 20.040814 0.000000 0.000000 0.000000 0.000000 0.000000 0.000000 0.000000 -17.495451 36.839988 0.000000 -178.951386 24.888982 0.000000 0.000000 0.000000 0.000000 0.000000 0.000000 0.000000 148.516974 62.968088 0.000000 10.583317 21.019531 0.000000 0.000000 0.000000 0.000000 161.696115 66.700812 0.000000 5.264299 22.322295 0.000000 0.000000 0.000000 0.000000
53.065661 0.016907 -47.502446 0.000000 0.000000 0.000000 172.911123 -47.267164 0.000000 -82.073327 4.108270 0.000000 168.902846 -11.406091 0.000000 0.000000 0.000000 0.000000 0.000000 0.000000 0.000000 39.295046 31.876443 0.000000 176.422977 19.920735 0.000000 0.000000 0.000000 0.000000 0.000000 0.000000 0.000000 -25.144185 37.485827 0.000000 174.260750 28.018248 0.000000 0.000000 0.000000 0.000000 0.000000 0.000000 0.000000 148.943874 63.884503 0.000000 10.033335 20.436931 0.000000 0.000000 0.000000 0.000000 161.844686 67.683833 0.000000 4.812387 21.549961 0.000000 0.000000 0.000000 0.000000
53.359756 0.014320 -47.512865 0.000000 0.000000 0.000000 172.571492 -46.912156 0.000000 -77.129989 3.343190 0.000000 168.463240 -10.857186 0.000000 0.000000 0.000000 0.000000 0.000000 0.000000 0.000000 44.525988 29.302863 0.000000 -179.080818 20.149420 0.000000 0.000000 0.000000 0.000000 0.000000 0.000000 0.000000 -32.245096 38.980317 0.000000 169.313110 25.271809 0.000000 0.000000 0.000000 0.000000 0.000000 0.000000 0.000000 153.527520 61.509161 0.000000 9.832090 19.900128 0.000000 0.000000 0.000000 0.000000 164.125366 67.769887 0.000000 4.522956 20.740407 0.000000 0.000000 0.000000 0.000000
53.840759 0.010238 -47.483850 0.000000 0.000000 0.000000 170.870327 -52.575803 0.000000 -74.331745 2.409245 0.000000 167.644444 -10.834030 0.000000 0.000000 0.000000 0.000000 0.000000 0.000000 0.000000 50.502790 27.235572 0.000000 -174.663431 26.125583 0.000000 0.000000 0.000000 0.000000 0.000000 0.000000 0.000000 -34.992917 36.259314 0.000000 167.816966 26.613247 0.000000 0.000000 0.000000 0.000000 0.000000 0.000000 0.000000 158.636975 58.005585 0.000000 9.314883 19.466341 0.000000 0.000000 0.000000 0.000000 169.246432 66.812227 0.000000 4.509373 20.821027 0.000000 0.000000 0.000000 0.000000
54.319921 0.010153 -47.380556 0.000000 0.000000 0.000000 169.788792 -53.759464 0.000000 -72.726739 1.482919 0.000000 167.301684 -10.649831 0.000000 0.000000 0.000000 0.000000 0.000000 0.000000 0.000000 39.232819 18.830665 0.000000 -168.058100 29.495044 0.000000 0.000000 0.000000 0.000000 0.000000 0.000000 0.000000 -32.047147 30.318980 0.000000 163.795253 30.847504 0.000000 0.000000 0.000000 0.000000 0.000000 0.000000 0.000000 159.985804 58.221794 0.000000 9.373898 19.881641 0.000000 0.000000 0.000000 0.000000 173.130618 64.891466 0.000000 4.451975 22.019331 0.000000 0.000000 0.000000 0.000000
54.659753 0.010166 -47.179611 0.000000 0.000000 0.000000 138.860216 -77.984372 0.000000 -83.552622 0.755109 0.000000 164.506910 -12.138138 0.000000 0.000000 0.000000 0.000000 0.000000 0.000000 0.000000 42.323321 17.826578 0.000000 -154.497140 38.864608 0.000000 0.000000 0.000000 0.000000 0.000000 0.000000 0.000000 -33.613170 28.183793 0.000000 152.757854 42.501140 0.000000 0.000000 0.000000 0.000000 0.000000 0.000000 0.000000 160.035803 58.996841 0.000000 11.405565 24.244502 0.000000 0.000000 0.000000 0.000000 174.343195 62.691677 0.000000 5.047417 27.389395 0.000000 0.000000 0.000000 0.000000
55.107456 0.009369 -47.030315 0.000000 0.000000 0.000000 118.051673 -80.109528 0.000000 -82.336838 0.200277 0.000000 164.230989 -11.913730 0.000000 0.000000 0.000000 0.000000 0.000000 0.000000 0.000000 44.291719 17.368639 0.000000 -151.927124 35.759705 0.000000 0.000000 0.000000 0.000000 0.000000 0.000000 0.000000 -36.914792 26.946709 0.000000 150.487445 40.094456 0.000000 0.000000 0.000000 0.000000 0.000000 0.000000 0.000000 160.650263 58.607621 0.000000 10.443481 23.895044 0.000000 0.000000 0.000000 0.000000 174.447080 63.488494 0.000000 4.146039 27.047390 0.000000 0.000000 0.000000 0.000000
55.574088 0.009961 -46.922627 0.000000 0.000000 0.000000 100.604953 -80.613412 0.000000 -79.579079 -0.239130 0.000000 164.434975 -11.022069 0.000000 0.000000 0.000000 0.000000 0.000000 0.000000 0.000000 45.194885 17.034374 0.000000 -154.705197 28.905842 0.000000 0.000000 0.000000 0.000000 0.000000 0.000000 0.000000 -39.109006 25.945220 0.000000 155.752745 30.895676 0.000000 0.000000 0.000000 0.000000 0.000000 0.000000 0.000000 161.987079 57.568699 0.000000 9.256410 22.882377 0.000000 0.000000 0.000000 0.000000 175.669519 64.347009 0.000000 3.316279 25.375096 0.000000 0.000000 0.000000 0.000000
56.268309 0.008719 -46.848261 0.000000 0.000000 0.000000 107.707426 -79.508803 0.000000 -78.112131 -0.402851 0.000000 164.525018 -11.000259 0.000000 0.000000 0.000000 0.000000 0.000000 0.000000 0.000000 48.110256 18.174717 0.000000 -151.498877 27.870557 0.000000 0.000000 0.000000 0.000000 0.000000 0.000000 0.000000 -43.532909 26.877769 0.000000 153.092465 30.273423 0.000000 0.000000 0.000000 0.000000 0.000000 0.000000 0.000000 165.013792 55.624539 0.000000 8.367235 22.448378 0.000000 0.000000 0.000000 0.000000 179.323941 64.863802 0.000000 3.037977 25.854529 0.000000 0.000000 0.000000 0.000000
56.858072 0.007685 -46.748626 0.000000 0.000000 0.000000 81.777341 -79.102340 0.000000 -80.904023 -0.534160 0.000000 163.970901 -11.149308 0.000000 0.000000 0.000000 0.000000 0.000000 0.000000 0.000000 48.901871 18.578715 0.000000 -149.895202 25.322992 0.000000 0.000000 0.000000 0.000000 0.000000 0.000000 0.000000 -45.081101 26.608564 0.000000 149.671493 31.253358 0.000000 0.000000 0.000000 0.000000 0.000000 0.000000 0.000000 167.013499 55.357215 0.000000 8.073169 22.273352 0.000000 0.000000 0.000000 0.000000 -177.922558 64.761648 0.000000 2.740647 27.477924 0.000000 0.000000 0.000000 0.000000
57.410756 0.006243 -46.666448 0.000000 0.000000 0.000000 99.193732 -77.621392 0.000000 -78.962959 -0.632517 0.000000 163.012837 -11.043221 0.000000 0.000000 0.000000 0.000000 0.000000 0.000000 0.000000 48.202409 18.264333 0.000000 -147.479629 22.495585 0.000000 0.000000 0.000000 0.000000 0.000000 0.000000 0.000000 -50.701043 27.864428 0.000000 151.559102 29.848848 0.000000 0.000000 0.000000 0.000000 0.000000 0.000000 0.000000 167.294146 55.560513 0.000000 6.828583 20.537045 0.000000 0.000000 0.000000 0.000000 -174.141843 65.533904 0.000000 2.494692 27.386441 0.000000 0.000000 0.000000 0.000000
58.035234 0.003329 -46.605588 0.000000 0.000000 0.000000 101.056690 -76.519681 0.000000 -79.436932 -0.772149 0.000000 162.160696 -10.659669 0.000000 0.000000 0.000000 0.000000 0.000000 0.000000 0.000000 54.233297 19.265867 0.000000 -145.470151 20.311071 0.000000 0.000000 0.000000 0.000000 0.000000 0.000000 0.000000 -53.809834 27.547384 0.000000 150.075361 30.490697 0.000000 0.000000 0.000000 0.000000 0.000000 0.000000 0.000000 167.997276 56.282748 0.000000 6.315141 20.825262 0.000000 0.000000 0.000000 0.000000 -170.203779 65.472699 0.000000 2.229601 27.274717 0.000000 0.000000 0.000000 0.000000
58.623925 0.002087 -46.605316 0.000000 0.000000 0.000000 102.161496 -75.299143 0.000000 -83.053701 -0.921354 0.000000 161.074955 -10.766865 0.000000 0.000000 0.000000 0.000000 0.000000 0.000000 0.000000 58.830136 19.493048 0.000000 -143.353351 18.569854 0.000000 0.000000 0.000000 0.000000 0.000000 0.000000 0.000000 -55.855741 26.445352 0.000000 143.293363 35.005278 0.000000 0.000000 0.000000 0.000000 0.000000 0.000000 0.000000 168.777660 58.310536 0.000000 6.261813 21.475957 0.000000 0.000000 0.000000 0.000000 -167.220996 65.795510 0.000000 1.798491 28.424590 0.000000 0.000000 0.000000 0.000000
59.267610 0.000777 -46.589884 0.000000 0.000000 0.000000 93.177298 -74.529143 0.000000 -86.769807 -1.143729 0.000000 159.700185 -10.985692 0.000000 0.000000 0.000000 0.000000 0.000000 0.000000 0.000000 62.562296 19.958349 0.000000 -145.642180 16.420849 0.000000 0.000000 0.000000 0.000000 0.000000 0.000000 0.000000 -56.713777 25.233079 0.000000 144.149322 34.160997 0.000000 0.000000 0.000000 0.000000 0.000000 0.000000 0.000000 168.995269 60.411445 0.000000 5.736293 22.253123 0.000000 0.000000 0.000000 0.000000 -163.704634 66.049144 0.000000 1.394430 28.324647 0.000000 0.000000 0.000000 0.000000
59.993711 0.000145 -46.572663 0.000000 0.000000 0.000000 101.597032 -73.942864 0.000000 -89.971014 -1.433177 0.000000 158.810819 -11.134191 0.000000 0.000000 0.000000 0.000000 0.000000 0.000000 0.000000 66.234369 20.503305 0.000000 -146.119459 15.742431 0.000000 0.000000 0.000000 0.000000 0.000000 0.000000 0.000000 -59.615873 24.929856 0.000000 137.815306 38.173177 0.000000 0.000000 0.000000 0.000000 0.000000 0.000000 0.000000 167.283839 65.611264 0.000000 4.864416 22.549590 0.000000 0.000000 0.000000 0.000000 -158.296920 67.716180 0.000000 0.908170 27.858990 0.000000 0.000000 0.000000 0.000000
60.727102 -0.000064 -46.583374 0.000000 0.000000 0.000000 106.614465 -73.053689 0.000000 -97.452541 -1.829924 0.000000 159.304783 -10.689834 0.000000 0.000000 0.000000 0.000000 0.000000 0.000000 0.000000 64.981408 19.813447 0.000000 -143.807380 16.518705 0.000000 0.000000 0.000000 0.000000 0.000000 0.000000 0.000000 -57.288122 24.045414 0.000000 138.460484 37.645941 0.000000 0.000000 0.000000 0.000000 0.000000 0.000000 0.000000 166.387105 66.452135 0.000000 3.613962 21.331597 0.000000 0.000000 0.000000 0.000000 -150.161753 68.736520 0.000000 0.987444 27.029352 0.000000 0.000000 0.000000 0.000000
61.331490 0.000914 -46.768935 0.000000 0.000000 0.000000 134.702663 -67.635529 0.000000 -93.088108 -2.571783 0.000000 161.292225 -9.415355 0.000000 0.000000 0.000000 0.000000 0.000000 0.000000 0.000000 59.752109 20.164855 0.000000 -146.839419 14.246418 0.000000 0.000000 0.000000 0.000000 0.000000 0.000000 0.000000 -54.830846 23.575695 0.000000 148.270501 30.619762 0.000000 0.000000 0.000000 0.000000 0.000000 0.000000 0.000000 168.549573 66.150370 0.000000 3.073865 19.604334 0.000000 0.000000 0.000000 0.000000 -142.515772 68.809323 0.000000 1.102124 23.808849 0.000000 0.000000 0.000000 0.000000
61.941007 0.001579 -47.014557 0.000000 0.000000 0.000000 144.636247 -63.220387 0.000000 -92.895407 -3.620205 0.000000 160.581332 -9.128511 0.000000 0.000000 0.000000 0.000000 0.000000 0.000000 0.000000 62.607661 22.087497 0.000000 -147.490917 12.297062 0.000000 0.000000 0.000000 0.000000 0.000000 0.000000 0.000000 -56.218134 24.576902 0.000000 149.887140 29.336887 0.000000 0.000000 0.000000 0.000000 0.000000 0.000000 0.000000 171.900810 66.105875 0.000000 2.832203 18.975606 0.000000 0.000000 0.000000 0.000000 -143.014713 65.281953 0.000000 1.548498 23.301502 0.000000 0.000000 0.000000 0.000000
62.474546 0.000815 -47.377682 0.000000 0.000000 0.000000 154.615928 -55.299559 0.000000 -87.947412 -4.467802 0.000000 161.052784 -8.596653 0.000000 0.000000 0.000000 0.000000 0.000000 0.000000 0.000000 74.515934 25.453966 0.000000 -148.871310 9.892631 0.000000 0.000000 0.000000 0.000000 0.000000 0.000000 0.000000 -58.984309 26.591775 0.000000 152.249933 27.908293 0.000000 0.000000 0.000000 0.000000 0.000000 0.000000 0.000000 174.197051 66.026018 0.000000 2.418851 17.163330 0.000000 0.000000 0.000000 0.000000 -146.839920 60.188429 0.000000 1.813123 22.207298 0.000000 0.000000 0.000000 0.000000
63.012725 0.000634 -47.583106 0.000000 0.000000 0.000000 158.982213 -49.805802 0.000000 -86.766098 -5.132512 0.000000 161.476198 -8.088527 0.000000 0.000000 0.000000 0.000000 0.000000 0.000000 0.000000 88.257889 27.184425 0.000000 -152.709758 7.729696 0.000000 0.000000 0.000000 0.000000 0.000000 0.000000 0.000000 -63.308395 28.534401 0.000000 157.411835 25.732688 0.000000 0.000000 0.000000 0.000000 0.000000 0.000000 0.000000 172.183409 64.732756 0.000000 1.492015 16.998888 0.000000 0.000000 0.000000 0.000000 -146.668345 57.654198 0.000000 1.759388 20.989749 0.000000 0.000000 0.000000 0.000000
63.396731 0.000914 -47.773720 0.000000 0.000000 0.000000 156.876129 -51.691200 0.000000 -89.252595 -5.316527 0.000000 159.965345 -8.161324 0.000000 0.000000 0.000000 0.000000 0.000000 0.000000 0.000000 85.534393 27.451793 0.000000 -150.329087 7.788537 0.000000 0.000000 0.000000 0.000000 0.000000 0.000000 0.000000 -63.989816 30.021917 0.000000 155.361667 28.748943 0.000000 0.000000 0.000000 0.000000 0.000000 0.000000 0.000000 174.316634 65.626268 0.000000 1.487150 16.982605 0.000000 0.000000 0.000000 0.000000 -145.973449 56.711699 0.000000 1.688417 21.057045 0.000000 0.000000 0.000000 0.000000
63.834620 0.001015 -47.826509 0.000000 0.000000 0.000000 155.844654 -52.248992 0.000000 -90.599197 -5.450788 0.000000 159.874428 -8.123500 0.000000 0.000000 0.000000 0.000000 0.000000 0.000000 0.000000 87.067290 27.341873 0.000000 -150.939179 7.774507 0.000000 0.000000 0.000000 0.000000 0.000000 0.000000 0.000000 -64.430397 30.327729 0.000000 155.229827 29.805565 0.000000 0.000000 0.000000 0.000000 0.000000 0.000000 0.000000 177.303229 66.700494 0.000000 1.513374 17.241076 0.000000 0.000000 0.000000 0.000000 -144.644141 56.834415 0.000000 1.293388 21.042898 0.000000 0.000000 0.000000 0.000000
64.163080 0.000765 -47.829391 0.000000 0.000000 0.000000 154.269398 -53.440811 0.000000 -92.184027 -5.424301 0.000000 159.813737 -7.942123 0.000000 0.000000 0.000000 0.000000 0.000000 0.000000 0.000000 84.365552 27.439153 0.000000 -152.699747 7.794931 0.000000 0.000000 0.000000 0.000000 0.000000 0.000000 0.000000 -63.509485 30.090277 0.000000 157.160073 28.101228 0.000000 0.000000 0.000000 0.000000 0.000000 0.000000 0.000000 179.898814 67.957807 0.000000 1.521759 16.835909 0.000000 0.000000 0.000000 0.000000 -141.991759 58.646165 0.000000 0.713559 20.380487 0.000000 0.000000 0.000000 0.000000
64.370644 0.000124 -47.808553 0.000000 0.000000 0.000000 152.457097 -54.169312 0.000000 -93.142528 -5.423437 0.000000 159.283402 -8.021575 0.000000 0.000000 0.000000 0.000000 0.000000 0.000000 0.000000 79.747922 27.232967 0.000000 -150.914915 8.758754 0.000000 0.000000 0.000000 0.000000 0.000000 0.000000 0.000000 -62.969647 29.520139 0.000000 155.112594 30.279356 0.000000 0.000000 0.000000 0.000000 0.000000 0.000000 0.000000 -179.056796 67.617665 0.000000 1.465435 17.163202 0.000000 0.000000 0.000000 0.000000 -138.546512 60.644498 0.000000 0.393442 21.006339 0.000000 0.000000 0.000000 0.000000
64.585385 -0.000100 -47.788867 0.000000 0.000000 0.000000 150.109752 -55.516534 0.000000 -93.550234 -5.419012 0.000000 159.361623 -8.030498 0.000000 0.000000 0.000000 0.000000 0.000000 0.000000 0.000000 74.925535 27.047778 0.000000 -152.767621 8.765824 0.000000 0.000000 0.000000 0.000000 0.000000 0.000000 0.000000 -62.042884 28.925243 0.000000 155.470758 30.427227 0.000000 0.000000 0.000000 0.000000 0.000000 0.000000 0.000000 -176.941142 66.139757 0.000000 1.530839 17.251764 0.000000 0.000000 0.000000 0.000000 -136.386457 61.393756 0.000000 0.169047 21.203155 0.000000 0.000000 0.000000 0.000000
64.692274 -0.000214 -47.734007 0.000000 0.000000 0.000000 143.298792 -59.653059 0.000000 -96.527342 -5.458854 0.000000 159.808053 -7.933315 0.000000 0.000000 0.000000 0.000000 0.000000 0.000000 0.000000 62.549357 25.229980 0.000000 -151.097635 10.079416 0.000000 0.000000 0.000000 0.000000 0.000000 0.000000 0.000000 -57.060953 27.362375 0.000000 156.838231 29.264779 0.000000 0.000000 0.000000 0.000000 0.000000 0.000000 0.000000 -175.994597 64.853766 0.000000 1.728852 17.240875 0.000000 0.000000 0.000000 0.000000 -135.901839 62.062227 0.000000 -0.134666 21.441835 0.000000 0.000000 0.000000 0.000000
64.845631 -0.000471 -47.706935 0.000000 0.000000 0.000000 142.906816 -59.915010 0.000000 -96.748396 -5.498408 0.000000 159.934594 -7.905727 0.000000 0.000000 0.000000 0.000000 0.000000 0.000000 0.000000 59.259785 24.418589 0.000000 -150.346580 10.738241 0.000000 0.000000 0.000000 0.000000 0.000000 0.000000 0.000000 -57.288768 27.282960 0.000000 157.340259 29.402042 0.000000 0.000000 0.000000 0.000000 0.000000 0.000000 0.000000 -175.273093 64.245493 0.000000 1.660739 17.269593 0.000000 0.000000 0.000000 0.000000 -134.124178 63.171938 0.000000 -0.395209 21.484048 0.000000 0.000000 0.000000 0.000000
64.943233 -0.000628 -47.696133 0.000000 0.000000 0.000000 140.630958 -60.814217 0.000000 -98.250051 -5.489412 0.000000 159.375435 -7.950880 0.000000 0.000000 0.000000 0.000000 0.000000 0.000000 0.000000 57.529372 24.329957 0.000000 -149.062917 11.587405 0.000000 0.000000 0.000000 0.000000 0.000000 0.000000 0.000000 -56.806568 27.022238 0.000000 156.018484 31.384958 0.000000 0.000000 0.000000 0.000000 0.000000 0.000000 0.000000 -174.284384 64.812590 0.000000 1.737554 17.328662 0.000000 0.000000 0.000000 0.000000 -137.749188 61.869382 0.000000 -0.584723 22.622534 0.000000 0.000000 0.000000 0.000000
65.042990 -0.000312 -47.688738 0.000000 0.000000 0.000000 138.538929 -61.392867 0.000000 -97.070815 -5.500113 0.000000 159.216413 -8.187144 0.000000 0.000000 0.000000 0.000000 0.000000 0.000000 0.000000 60.697618 25.113800 0.000000 -148.650470 12.044473 0.000000 0.000000 0.000000 0.000000 0.000000 0.000000 0.000000 -58.268713 27.273664 0.000000 155.577038 32.233042 0.000000 0.000000 0.000000 0.000000 0.000000 0.000000 0.000000 -173.262253 66.833896 0.000000 1.711521 17.470358 0.000000 0.000000 0.000000 0.000000 -143.943703 58.781979 0.000000 -0.818750 23.403826 0.000000 0.000000 0.000000 0.000000
65.146723 -0.000239 -47.675441 0.000000 0.000000 0.000000 134.756579 -63.241947 0.000000 -97.410799 -5.584574 0.000000 158.868203 -8.362398 0.000000 0.000000 0.000000 0.000000 0.000000 0.000000 0.000000 61.768845 25.118561 0.000000 -147.848588 12.531220 0.000000 0.000000 0.000000 0.000000 0.000000 0.000000 0.000000 -59.009544 27.480182 0.000000 154.051747 34.075880 0.000000 0.000000 0.000000 0.000000 0.000000 0.000000 0.000000 -173.519533 66.951205 0.000000 1.610978 17.920891 0.000000 0.000000 0.000000 0.000000 -144.752293 58.808823 0.000000 -1.246636 24.300791 0.000000 0.000000 0.000000 0.000000
65.176129 -0.000279 -47.631060 0.000000 0.000000 0.000000 133.875450 -63.485128 0.000000 -97.785706 -5.632364 0.000000 159.061408 -8.311989 0.000000 0.000000 0.000000 0.000000 0.000000 0.000000 0.000000 57.641794 24.144477 0.000000 -146.577756 13.291389 0.000000 0.000000 0.000000 0.000000 0.000000 0.000000 0.000000 -57.574444 27.070282 0.000000 153.511897 34.838888 0.000000 0.000000 0.000000 0.000000 0.000000 0.000000 0.000000 -173.801273 66.681142 0.000000 1.667953 18.534408 0.000000 0.000000 0.000000 0.000000 -144.986476 59.411226 0.000000 -1.565191 24.562902 0.000000 0.000000 0.000000 0.000000
65.160826 -0.000427 -47.625695 0.000000 0.000000 0.000000 133.261694 -63.521657 0.000000 -97.622353 -5.621597 0.000000 159.214092 -8.389001 0.000000 0.000000 0.000000 0.000000 0.000000 0.000000 0.000000 56.660242 23.976693 0.000000 -146.922130 13.692634 0.000000 0.000000 0.000000 0.000000 0.000000 0.000000 0.000000 -57.646937 26.992973 0.000000 154.398172 33.931635 0.000000 0.000000 0.000000 0.000000 0.000000 0.000000 0.000000 -174.624447 65.974429 0.000000 1.691313 18.828358 0.000000 0.000000 0.000000 0.000000 -140.794391 62.223801 0.000000 -1.739819 25.000547 0.000000 0.000000 0.000000 0.000000
65.149438 -0.000440 -47.590154 0.000000 0.000000 0.000000 135.379198 -62.470756 0.000000 -98.602212 -5.572734 0.000000 159.995489 -8.150394 0.000000 0.000000 0.000000 0.000000 0.000000 0.000000 0.000000 56.593643 24.112372 0.000000 -148.062228 13.666080 0.000000 0.000000 0.000000 0.000000 0.000000 0.000000 0.000000 -56.717068 26.635982 0.000000 157.219661 30.894723 0.000000 0.000000 0.000000 0.000000 0.000000 0.000000 0.000000 -175.195536 65.929837 0.000000 1.575417 18.163786 0.000000 0.000000 0.000000 0.000000 -133.333824 66.019422 0.000000 -1.697351 22.944139 0.000000 0.000000 0.000000 0.000000
65.124732 -0.000465 -47.552341 0.000000 0.000000 0.000000 135.627923 -62.316289 0.000000 -98.288911 -5.601504 0.000000 160.000802 -8.167466 0.000000 0.000000 0.000000 0.000000 0.000000 0.000000 0.000000 53.190724 23.409468 0.000000 -147.449884 14.241929 0.000000 0.000000 0.000000 0.000000 0.000000 0.000000 0.000000 -56.115318 26.478104 0.000000 157.600143 30.156352 0.000000 0.000000 0.000000 0.000000 0.000000 0.000000 0.000000 -175.643582 65.922577 0.000000 1.537703 18.064145 0.000000 0.000000 0.000000 0.000000 -128.578195 68.208279 0.000000 -1.848129 22.735105 0.000000 0.000000 0.000000 0.000000
65.104285 -0.000874 -47.520296 0.000000 0.000000 0.000000 136.796679 -61.786089 0.000000 -101.408876 -5.441754 0.000000 159.902770 -8.242375 0.000000 0.000000 0.000000 0.000000 0.000000 0.000000 0.000000 49.821256 22.587256 0.000000 -147.118980 14.744937 0.000000 0.000000 0.000000 0.000000 0.000000 0.000000 0.000000 -55.966682 26.515933 0.000000 157.907357 29.739945 0.000000 0.000000 0.000000 0.000000 0.000000 0.000000 0.000000 -176.506266 67.905991 0.000000 1.293458 17.135636 0.000000 0.000000 0.000000 0.000000 -120.425771 70.599615 0.000000 -1.974871 22.125990 0.000000 0.000000 0.000000 0.000000
65.029603 -0.000633 -47.479832 0.000000 0.000000 0.000000 137.378835 -61.444111 0.000000 -101.300717 -5.361738 0.000000 159.856143 -8.328476 0.000000 0.000000 0.000000 0.000000 0.000000 0.000000 0.000000 49.785237 22.658444 0.000000 -146.752716 15.307369 0.000000 0.000000 0.000000 0.000000 0.000000 0.000000 0.000000 -56.183800 26.518059 0.000000 157.710286 30.057752 0.000000 0.000000 0.000000 0.000000 0.000000 0.000000 0.000000 -177.156538 68.324318 0.000000 1.298413 17.503765 0.000000 0.000000 0.000000 0.000000 -119.932386 71.485931 0.000000 -2.184371 22.613671 0.000000 0.000000 0.000000 0.000000
64.855659 -0.000899 -47.408186 0.000000 0.000000 0.000000 136.742009 -61.212003 0.000000 -101.171018 -5.309794 0.000000 159.568614 -8.557469 0.000000 0.000000 0.000000 0.000000 0.000000 0.000000 0.000000 49.844569 22.889723 0.000000 -145.550310 16.132054 0.000000 0.000000 0.000000 0.000000 0.000000 0.000000 0.000000 -56.742580 26.481528 0.000000 157.274744 30.252855 0.000000 0.000000 0.000000 0.000000 0.000000 0.000000 0.000000 -178.799030 68.738463 0.000000 1.250671 17.691473 0.000000 0.000000 0.000000 0.000000 -120.993632 72.348435 0.000000 -2.361318 22.887934 0.000000 0.000000 0.000000 0.000000
64.605582 -0.000373 -47.332926 0.000000 0.000000 0.000000 136.320146 -60.656803 0.000000 -101.073254 -5.252233 0.000000 159.979777 -8.748208 0.000000 0.000000 0.000000 0.000000 0.000000 0.000000 0.000000 49.897050 23.439433 0.000000 -146.984747 15.914260 0.000000 0.000000 0.000000 0.000000 0.000000 0.000000 0.000000 -57.240507 26.214979 0.000000 158.133917 29.475914 0.000000 0.000000 0.000000 0.000000 0.000000 0.000000 0.000000 179.461541 68.207346 0.000000 1.286071 17.837333 0.000000 0.000000 0.000000 0.000000 -122.429851 73.112178 0.000000 -2.336459 22.628392 0.000000 0.000000 0.000000 0.000000
64.211673 -0.000879 -47.253433 0.000000 0.000000 0.000000 135.225957 -60.086845 0.000000 -97.958729 -5.327297 0.000000 160.322726 -8.762520 0.000000 0.000000 0.000000 0.000000 0.000000 0.000000 0.000000 50.211447 23.965562 0.000000 -147.774562 16.204246 0.000000 0.000000 0.000000 0.000000 0.000000 0.000000 0.000000 -59.475504 26.470826 0.000000 159.766854 28.771346 0.000000 0.000000 0.000000 0.000000 0.000000 0.000000 0.000000 175.795759 68.527955 0.000000 1.120672 18.178748 0.000000 0.000000 0.000000 0.000000 -125.526039 73.969435 0.000000 -2.189216 22.045623 0.000000 0.000000 0.000000 0.000000
63.775733 -0.000782 -47.180390 0.000000 0.000000 0.000000 133.300206 -59.948292 0.000000 -94.984434 -5.481264 0.000000 159.987413 -9.100622 0.000000 0.000000 0.000000 0.000000 0.000000 0.000000 0.000000 49.916727 24.269718 0.000000 -145.078688 17.705348 0.000000 0.000000 0.000000 0.000000 0.000000 0.000000 0.000000 -60.429350 26.246921 0.000000 158.191713 31.331566 0.000000 0.000000 0.000000 0.000000 0.000000 0.000000 0.000000 173.033539 67.905822 0.000000 1.185545 19.265900 0.000000 0.000000 0.000000 0.000000 -129.977467 74.773073 0.000000 -2.164620 22.188166 0.000000 0.000000 0.000000 0.000000
63.266078 -0.000966 -47.120942 0.000000 0.000000 0.000000 128.815999 -61.140238 0.000000 -93.968614 -5.519450 0.000000 158.977323 -9.490379 0.000000 0.000000 0.000000 0.000000 0.000000 0.000000 0.000000 51.740897 25.203918 0.000000 -143.479603 18.699951 0.000000 0.000000 0.000000 0.000000 0.000000 0.000000 0.000000 -63.908986 26.532461 0.000000 155.926393 33.869780 0.000000 0.000000 0.000000 0.000000 0.000000 0.000000 0.000000 169.650495 67.758046 0.000000 1.308186 20.281231 0.000000 0.000000 0.000000 0.000000 -133.976814 75.663201 0.000000 -2.181339 23.810484 0.000000 0.000000 0.000000 0.000000
62.789288 -0.001234 -47.068715 0.000000 0.000000 0.000000 129.428691 -60.942617 0.000000 -94.639420 -5.585766 0.000000 159.386420 -9.297194 0.000000 0.000000 0.000000 0.000000 0.000000 0.000000 0.000000 51.468540 25.421726 0.000000 -144.417107 18.724163 0.000000 0.000000 0.000000 0.000000 0.000000 0.000000 0.000000 -62.984383 25.995142 0.000000 156.579038 32.971595 0.000000 0.000000 0.000000 0.000000 0.000000 0.000000 0.000000 167.955345 67.542360 0.000000 1.432215 20.358222 0.000000 0.000000 0.000000 0.000000 -137.869828 76.072465 0.000000 -1.880378 24.233071 0.000000 0.000000 0.000000 0.000000
62.284356 -0.001441 -47.022387 0.000000 0.000000 0.000000 130.088694 -60.861910 0.000000 -94.818826 -5.623009 0.000000 158.998140 -9.399674 0.000000 0.000000 0.000000 0.000000 0.000000 0.000000 0.000000 52.009998 25.654688 0.000000 -144.545878 18.894609 0.000000 0.000000 0.000000 0.000000 0.000000 0.000000 0.000000 -63.034081 25.661973 0.000000 154.708844 33.716543 0.000000 0.000000 0.000000 0.000000 0.000000 0.000000 0.000000 166.413721 67.380550 0.000000 1.838128 20.871256 0.000000 0.000000 0.000000 0.000000 -143.241814 75.726034 0.000000 -1.572614 24.965411 0.000000 0.000000 0.000000 0.000000
61.711499 -0.001572 -46.966740 0.000000 0.000000 0.000000 137.475558 -57.752914 0.000000 -95.155412 -5.622130 0.000000 160.082389 -8.979904 0.000000 0.000000 0.000000 0.000000 0.000000 0.000000 0.000000 49.805180 25.058367 0.000000 -145.983925 18.590629 0.000000 0.000000 0.000000 0.000000 0.000000 0.000000 0.000000 -61.723610 25.307915 0.000000 156.386590 31.448159 0.000000 0.000000 0.000000 0.000000 0.000000 0.000000 0.000000 163.843422 67.072295 0.000000 2.123088 19.933814 0.000000 0.000000 0.000000 0.000000 -144.385452 75.943452 0.000000 -0.796126 23.670357 0.000000 0.000000 0.000000 0.000000
61.173099 -0.001642 -46.952116 0.000000 0.000000 0.000000 140.447040 -56.230076 0.000000 -93.142472 -5.682633 0.000000 160.541684 -8.816959 0.000000 0.000000 0.000000 0.000000 0.000000 0.000000 0.000000 49.695945 24.846988 0.000000 -145.763934 18.794470 0.000000 0.000000 0.000000 0.000000 0.000000 0.000000 0.000000 -61.210491 24.872856 0.000000 156.078609 31.620952 0.000000 0.000000 0.000000 0.000000 0.000000 0.000000 0.000000 164.579093 65.843469 0.000000 2.611934 19.675333 0.000000 0.000000 0.000000 0.000000 -149.500174 75.722718 0.000000 -0.649869 23.327514 0.000000 0.000000 0.000000 0.000000
60.654199 -0.001480 -46.881275 0.000000 0.000000 0.000000 147.436956 -52.419415 0.000000 -92.037250 -5.664649 0.000000 161.317886 -8.509502 0.000000 0.000000 0.000000 0.000000 0.000000 0.000000 0.000000 48.059128 24.207898 0.000000 -147.223824 18.335184 0.000000 0.000000 0.000000 0.000000 0.000000 0.000000 0.000000 -58.116956 24.141028 0.000000 157.472916 30.711594 0.000000 0.000000 0.000000 0.000000 0.000000 0.000000 0.000000 164.667537 65.886388 0.000000 3.141080 19.380360 0.000000 0.000000 0.000000 0.000000 -152.693790 76.152456 0.000000 -0.436915 22.619079 0.000000 0.000000 0.000000 0.000000
60.034621 -0.001179 -46.854289 0.000000 0.000000 0.000000 150.356518 -50.513912 0.000000 -89.902011 -5.581482 0.000000 161.911218 -8.358591 0.000000 0.000000 0.000000 0.000000 0.000000 0.000000 0.000000 47.360979 23.756066 0.000000 -146.976185 18.631367 0.000000 0.000000 0.000000 0.000000 0.000000 0.000000 0.000000 -56.661011 23.743546 0.000000 158.555500 30.540900 0.000000 0.000000 0.000000 0.000000 0.000000 0.000000 0.000000 162.440129 65.763115 0.000000 3.366812 18.934313 0.000000 0.000000 0.000000 0.000000 -156.647737 76.903945 0.000000 -0.174839 21.848658 0.000000 0.000000 0.000000 0.000000
59.420079 -0.000709 -46.851397 0.000000 0.000000 0.000000 151.946395 -49.795172 0.000000 -87.971389 -5.439872 0.000000 162.208977 -8.348309 0.000000 0.000000 0.000000 0.000000 0.000000 0.000000 0.000000 48.154524 23.719337 0.000000 -146.560725 18.935485 0.000000 0.000000 0.000000 0.000000 0.000000 0.000000 0.000000 -56.683834 23.872083 0.000000 157.780671 30.614309 0.000000 0.000000 0.000000 0.000000 0.000000 0.000000 0.000000 162.080076 64.609981 0.000000 3.834572 18.691304 0.000000 0.000000 0.000000 0.000000 -159.844276 76.888313 0.000000 0.370232 21.777416 0.000000 0.000000 0.000000 0.000000
58.788809 -0.000063 -46.866857 0.000000 0.000000 0.000000 153.871460 -48.342638 0.000000 -85.471572 -5.179165 0.000000 163.183209 -8.355397 0.000000 0.000000 0.000000 0.000000 0.000000 0.000000 0.000000 48.493774 23.790161 0.000000 -145.190496 19.642155 0.000000 0.000000 0.000000 0.000000 0.000000 0.000000 0.000000 -55.953399 23.762252 0.000000 157.437149 30.566938 0.000000 0.000000 0.000000 0.000000 0.000000 0.000000 0.000000 160.096747 63.861068 0.000000 4.184853 18.539420 0.000000 0.000000 0.000000 0.000000 -162.862340 77.025549 0.000000 0.860944 21.801333 0.000000 0.000000 0.000000 0.000000
58.230853 0.000897 -46.906322 0.000000 0.000000 0.000000 154.577323 -49.096619 0.000000 -86.133676 -4.852530 0.000000 163.432059 -8.581698 0.000000 0.000000 0.000000 0.000000 0.000000 0.000000 0.000000 48.531040 23.810281 0.000000 -144.984251 19.773527 0.000000 0.000000 0.000000 0.000000 0.000000 0.000000 0.000000 -55.188476 24.112601 0.000000 155.473982 30.868774 0.000000 0.000000 0.000000 0.000000 0.000000 0.000000 0.000000 159.943400 62.359309 0.000000 4.584746 18.172913 0.000000 0.000000 0.000000 0.000000 -166.754362 76.145673 0.000000 1.237391 21.698681 0.000000 0.000000 0.000000 0.000000
57.668966 0.001747 -46.933208 0.000000 0.000000 0.000000 154.948948 -50.063717 0.000000 -84.519626 -4.381707 0.000000 164.356386 -8.823716 0.000000 0.000000 0.000000 0.000000 0.000000 0.000000 0.000000 49.897798 24.315810 0.000000 -145.090361 20.091643 0.000000 0.000000 0.000000 0.000000 0.000000 0.000000 0.000000 -52.585912 23.544463 0.000000 156.171647 30.339503 0.000000 0.000000 0.000000 0.000000 0.000000 0.000000 0.000000 159.024445 62.278148 0.000000 5.081755 18.154925 0.000000 0.000000 0.000000 0.000000 -170.756027 76.134657 0.000000 1.408584 21.241640 0.000000 0.000000 0.000000 0.000000
57.042813 0.003363 -46.970055 0.000000 0.000000 0.000000 157.859446 -47.744440 0.000000 -79.740646 -3.745260 0.000000 165.686045 -9.220170 0.000000 0.000000 0.000000 0.000000 0.000000 0.000000 0.000000 52.541169 25.103013 0.000000 -143.415729 21.117796 0.000000 0.000000 0.000000 0.000000 0.000000 0.000000 0.000000 -52.235177 23.231309 0.000000 155.190347 30.251759 0.000000 0.000000 0.000000 0.000000 0.000000 0.000000 0.000000 158.277795 61.414147 0.000000 5.581664 18.048839 0.000000 0.000000 0.000000 0.000000 -173.547226 75.649637 0.000000 1.924309 21.052139 0.000000 0.000000 0.000000 0.000000
56.443289 0.003254 -47.000042 0.000000 0.000000 0.000000 160.645882 -45.493856 0.000000 -76.068420 -3.036373 0.000000 167.225708 -9.135001 0.000000 0.000000 0.000000 0.000000 0.000000 0.000000 0.000000 53.335475 25.486764 0.000000 -145.304059 20.504426 0.000000 0.000000 0.000000 0.000000 0.000000 0.000000 0.000000 -51.230703 22.684854 0.000000 156.730391 28.366623 0.000000 0.000000 0.000000 0.000000 0.000000 0.000000 0.000000 158.778048 60.589824 0.000000 6.207238 17.804168 0.000000 0.000000 0.000000 0.000000 -174.626243 75.092135 0.000000 2.555375 20.349114 0.000000 0.000000 0.000000 0.000000
55.827460 0.003286 -47.044517 0.000000 0.000000 0.000000 161.837432 -45.286631 0.000000 -77.206316 -2.380291 0.000000 167.534412 -9.383820 0.000000 0.000000 0.000000 0.000000 0.000000 0.000000 0.000000 53.100916 25.414071 0.000000 -145.238792 20.639508 0.000000 0.000000 0.000000 0.000000 0.000000 0.000000 0.000000 -51.128116 22.680228 0.000000 155.866944 27.670060 0.000000 0.000000 0.000000 0.000000 0.000000 0.000000 0.000000 157.865003 60.093472 0.000000 6.609595 17.680416 0.000000 0.000000 0.000000 0.000000 -178.019295 74.604781 0.000000 3.096763 20.338014 0.000000 0.000000 0.000000 0.000000
55.219796 0.003795 -47.113580 0.000000 0.000000 0.000000 164.244654 -42.521834 0.000000 -78.851472 -1.578336 0.000000 168.282316 -9.468337 0.000000 0.000000 0.000000 0.000000 0.000000 0.000000 0.000000 50.810631 24.694763 0.000000 -146.457230 20.885987 0.000000 0.000000 0.000000 0.000000 0.000000 0.000000 0.000000 -49.933641 22.670468 0.000000 155.230083 26.390317 0.000000 0.000000 0.000000 0.000000 0.000000 0.000000 0.000000 154.755643 59.725748 0.000000 6.471792 17.138585 0.000000 0.000000 0.000000 0.000000 178.682542 74.428183 0.000000 3.531598 20.058182 0.000000 0.000000 0.000000 0.000000
54.647198 0.003957 -47.185144 0.000000 0.000000 0.000000 164.238005 -44.024222 0.000000 -79.709389 -0.937152 0.000000 168.737312 -9.761621 0.000000 0.000000 0.000000 0.000000 0.000000 0.000000 0.000000 50.601254 24.664756 0.000000 -147.127314 21.276593 0.000000 0.000000 0.000000 0.000000 0.000000 0.000000 0.000000 -50.840606 22.983556 0.000000 155.607349 26.285009 0.000000 0.000000 0.000000 0.000000 0.000000 0.000000 0.000000 153.548259 58.239252 0.000000 6.463220 16.952536 0.000000 0.000000 0.000000 0.000000 175.160481 72.981866 0.000000 3.884141 19.844899 0.000000 0.000000 0.000000 0.000000
54.045691 0.003971 -47.250511 0.000000 0.000000 0.000000 166.171815 -43.233745 0.000000 -78.083417 -0.000632 0.000000 169.923560 -9.733495 0.000000 0.000000 0.000000 0.000000 0.000000 0.000000 0.000000 50.244889 24.195960 0.000000 -149.052909 21.281337 0.000000 0.000000 0.000000 0.000000 0.000000 0.000000 0.000000 -49.283484 22.332605 0.000000 156.361869 25.215569 0.000000 0.000000 0.000000 0.000000 0.000000 0.000000 0.000000 150.903570 57.853723 0.000000 6.433707 16.841341 0.000000 0.000000 0.000000 0.000000 173.515996 73.013493 0.000000 4.483733 19.842503 0.000000 0.000000 0.000000 0.000000
53.433311 0.003904 -47.342357 0.000000 0.000000 0.000000 168.529004 -39.147681 0.000000 -75.047371 0.703549 0.000000 170.840485 -9.320656 0.000000 0.000000 0.000000 0.000000 0.000000 0.000000 0.000000 50.694708 24.659431 0.000000 -149.193806 21.852284 0.000000 0.000000 0.000000 0.000000 0.000000 0.000000 0.000000 -46.024285 21.313030 0.000000 157.700473 23.526613 0.000000 0.000000 0.000000 0.000000 0.000000 0.000000 0.000000 148.010234 57.046778 0.000000 6.302114 16.749241 0.000000 0.000000 0.000000 0.000000 170.282732 72.860395 0.000000 4.818893 19.826158 0.000000 0.000000 0.000000 0.000000
53.013954 0.003776 -47.500633 0.000000 0.000000 0.000000 169.065676 -39.785093 0.000000 -74.577774 1.348002 0.000000 171.476718 -9.345061 0.000000 0.000000 0.000000 0.000000 0.000000 0.000000 0.000000 51.849913 25.612116 0.000000 -148.482934 23.309904 0.000000 0.000000 0.000000 0.000000 0.000000 0.000000 0.000000 -46.712170 21.659086 0.000000 156.574401 23.293931 0.000000 0.000000 0.000000 0.000000 0.000000 0.000000 0.000000 146.005472 56.383301 0.000000 6.450708 17.299399 0.000000 0.000000 0.000000 0.000000 173.206611 73.041066 0.000000 5.713413 19.804833 0.000000 0.000000 0.000000 0.000000
52.644609 0.002685 -47.662804 0.000000 0.000000 0.000000 170.518597 -38.583364 0.000000 -71.860674 2.009313 0.000000 172.065771 -9.081239 0.000000 0.000000 0.000000 0.000000 0.000000 0.000000 0.000000 53.230749 26.655160 0.000000 -150.218841 23.209578 0.000000 0.000000 0.000000 0.000000 0.000000 0.000000 0.000000 -46.390502 22.022400 0.000000 158.199173 21.208018 0.000000 0.000000 0.000000 0.000000 0.000000 0.000000 0.000000 144.261628 56.278232 0.000000 6.561850 17.262908 0.000000 0.000000 0.000000 0.000000 170.653178 75.169927 0.000000 5.929776 19.686289 0.000000 0.000000 0.000000 0.000000
52.348791 0.001901 -47.788811 0.000000 0.000000 0.000000 170.748785 -39.789513 0.000000 -72.630320 2.472292 0.000000 172.596165 -9.047010 0.000000 0.000000 0.000000 0.000000 0.000000 0.000000 0.000000 54.304455 27.087844 0.000000 -150.040074 23.973483 0.000000 0.000000 0.000000 0.000000 0.000000 0.000000 0.000000 -45.339062 21.845571 0.000000 157.900017 21.076917 0.000000 0.000000 0.000000 0.000000 0.000000 0.000000 0.000000 141.940890 57.377744 0.000000 6.810249 17.288125 0.000000 0.000000 0.000000 0.000000 162.514206 78.075032 0.000000 5.738732 19.599848 0.000000 0.000000 0.000000 0.000000
52.138601 0.002205 -47.871961 0.000000 0.000000 0.000000 171.159227 -40.912143 0.000000 -72.776657 2.788251 0.000000 172.936096 -9.012725 0.000000 0.000000 0.000000 0.000000 0.000000 0.000000 0.000000 53.857749 26.625636 0.000000 -150.647080 24.228500 0.000000 0.000000 0.000000 0.000000 0.000000 0.000000 0.000000 -44.366909 21.731621 0.000000 157.973478 20.662504 0.000000 0.000000 0.000000 0.000000 0.000000 0.000000 0.000000 140.487538 58.076536 0.000000 7.118724 17.291238 0.000000 0.000000 0.000000 0.000000 159.982212 78.776842 0.000000 5.785193 19.558512 0.000000 0.000000 0.000000 0.000000
51.910870 0.004148 -47.887641 0.000000 0.000000 0.000000 171.662249 -40.184444 0.000000 -70.265684 2.968585 0.000000 173.231366 -8.797789 0.000000 0.000000 0.000000 0.000000 0.000000 0.000000 0.000000 53.161911 26.258960 0.000000 -151.456031 23.801234 0.000000 0.000000 0.000000 0.000000 0.000000 0.000000 0.000000 -44.629281 22.028501 0.000000 158.609110 19.735120 0.000000 0.000000 0.000000 0.000000 0.000000 0.000000 0.000000 139.305048 58.289535 0.000000 7.233610 17.180686 0.000000 0.000000 0.000000 0.000000 158.283473 78.576132 0.000000 5.803853 19.290240 0.000000 0.000000 0.000000 0.000000
51.720817 0.004298 -47.882120 0.000000 0.000000 0.000000 171.980562 -40.855536 0.000000 -70.997562 3.208890 0.000000 173.203334 -8.901223 0.000000 0.000000 0.000000 0.000000 0.000000 0.000000 0.000000 53.007774 25.755312 0.000000 -151.854266 24.278182 0.000000 0.000000 0.000000 0.000000 0.000000 0.000000 0.000000 -44.264909 22.346694 0.000000 157.823666 20.036680 0.000000 0.000000 0.000000 0.000000 0.000000 0.000000 0.000000 139.483915 57.961758 0.000000 7.430852 17.269247 0.000000 0.000000 0.000000 0.000000 154.710867 78.101544 0.000000 5.768114 19.308583 0.000000 0.000000 0.000000 0.000000
51.561977 0.005082 -47.876348 0.000000 0.000000 0.000000 172.557551 -40.126753 0.000000 -69.108911 3.388226 0.000000 173.562595 -8.684127 0.000000 0.000000 0.000000 0.000000 0.000000 0.000000 0.000000 51.868993 24.908654 0.000000 -151.987376 24.553770 0.000000 0.000000 0.000000 0.000000 0.000000 0.000000 0.000000 -43.158218 22.361201 0.000000 158.102160 19.934742 0.000000 0.000000 0.000000 0.000000 0.000000 0.000000 0.000000 140.389158 57.787363 0.000000 7.673936 17.135196 0.000000 0.000000 0.000000 0.000000 155.988342 76.483334 0.000000 5.766452 19.159304 0.000000 0.000000 0.000000 0.000000
51.481812 0.005926 -47.865088 0.000000 0.000000 0.000000 173.068789 -39.718042 0.000000 -68.945441 3.561103 0.000000 173.643186 -8.617751 0.000000 0.000000 0.000000 0.000000 0.000000 0.000000 0.000000 51.878119 24.626371 0.000000 -153.064346 23.974657 0.000000 0.000000 0.000000 0.000000 0.000000 0.000000 0.000000 -41.636564 22.176559 0.000000 158.541040 19.702977 0.000000 0.000000 0.000000 0.000000 0.000000 0.000000 0.000000 140.109362 58.156049 0.000000 7.822254 17.089849 0.000000 0.000000 0.000000 0.000000 156.812762 75.615879 0.000000 5.697348 18.903653 0.000000 0.000000 0.000000 0.000000
51.463597 0.006035 -47.862267 0.000000 0.000000 0.000000 173.383263 -40.024083 0.000000 -69.248065 3.682042 0.000000 173.835602 -8.667227 0.000000 0.000000 0.000000 0.000000 0.000000 0.000000 0.000000 51.975228 24.637370 0.000000 -153.205321 23.920699 0.000000 0.000000 0.000000 0.000000 0.000000 0.000000 0.000000 -41.547969 22.346564 0.000000 158.833767 19.470073 0.000000 0.000000 0.000000 0.000000 0.000000 0.000000 0.000000 139.993273 58.415415 0.000000 7.889192 17.101124 0.000000 0.000000 0.000000 0.000000 156.536033 75.398622 0.000000 5.676134 18.919812 0.000000 0.000000 0.000000 0.000000
51.449294 0.005794 -47.867620 0.000000 0.000000 0.000000 174.093764 -39.744766 0.000000 -68.898586 3.792534 0.000000 173.844065 -8.664727 0.000000 0.000000 0.000000 0.000000 0.000000 0.000000 0.000000 51.959259 24.289825 0.000000 -152.953158 24.247534 0.000000 0.000000 0.000000 0.000000 0.000000 0.000000 0.000000 -41.461533 22.712391 0.000000 158.857788 19.329480 0.000000 0.000000 0.000000 0.000000 0.000000 0.000000 0.000000 140.033633 58.635162 0.000000 7.785616 16.939269 0.000000 0.000000 0.000000 0.000000 155.117408 75.706548 0.000000 5.581210 18.809778 0.000000 0.000000 0.000000 0.000000
51.413070 0.005499 -47.873086 0.000000 0.000000 0.000000 174.519977 -39.889894 0.000000 -67.246932 3.854940 0.000000 173.863263 -8.745624 0.000000 0.000000 0.000000 0.000000 0.000000 0.000000 0.000000 52.032231 24.274994 0.000000 -152.481078 24.633697 0.000000 0.000000 0.000000 0.000000 0.000000 0.000000 0.000000 -41.892024 23.015992 0.000000 159.172814 19.308701 0.000000 0.000000 0.000000 0.000000 0.000000 0.000000 0.000000 139.837072 58.591877 0.000000 7.825764 17.162789 0.000000 0.000000 0.000000 0.000000 154.429784 75.516523 0.000000 5.649107 19.107354 0.000000 0.000000 0.000000 0.000000
51.389924 0.005114 -47.874226 0.000000 0.000000 0.000000 174.693579 -40.450809 0.000000 -67.211249 3.948812 0.000000 173.852727 -8.728251 0.000000 0.000000 0.000000 0.000000 0.000000 0.000000 0.000000 52.554055 24.510746 0.000000 -152.730241 24.465368 0.000000 0.000000 0.000000 0.000000 0.000000 0.000000 0.000000 -42.070799 23.120514 0.000000 159.433809 19.177795 0.000000 0.000000 0.000000 0.000000 0.000000 0.000000 0.000000 139.415029 58.947204 0.000000 7.851137 17.160494 0.000000 0.000000 0.000000 0.000000 153.632532 75.534757 0.000000 5.585584 19.031318 0.000000 0.000000 0.000000 0.000000
51.373918 0.004663 -47.874647 0.000000 0.000000 0.000000 174.810570 -40.620547 0.000000 -65.659636 3.926103 0.000000 173.769246 -8.787059 0.000000 0.000000 0.000000 0.000000 0.000000 0.000000 0.000000 52.429668 24.439042 0.000000 -152.685808 24.542398 0.000000 0.000000 0.000000 0.000000 0.000000 0.000000 0.000000 -42.626374 23.394088 0.000000 159.391953 19.305542 0.000000 0.000000 0.000000 0.000000 0.000000 0.000000 0.000000 139.320733 59.129529 0.000000 7.964364 17.389260 0.000000 0.000000 0.000000 0.000000 153.619392 75.207624 0.000000 5.559706 19.051854 0.000000 0.000000 0.000000 0.000000
51.372780 0.005350 -47.871728 0.000000 0.000000 0.000000 174.844985 -40.877053 0.000000 -64.642346 3.918827 0.000000 173.763558 -8.850593 0.000000 0.000000 0.000000 0.000000 0.000000 0.000000 0.000000 52.541735 24.554143 0.000000 -152.825506 24.484442 0.000000 0.000000 0.000000 0.000000 0.000000 0.000000 0.000000 -42.766557 23.399981 0.000000 159.124744 19.550969 0.000000 0.000000 0.000000 0.000000 0.000000 0.000000 0.000000 139.230409 59.248505 0.000000 8.057727 17.580338 0.000000 0.000000 0.000000 0.000000 153.612414 74.987419 0.000000 5.629971 19.363693 0.000000 0.000000 0.000000 0.000000
51.379234 0.005614 -47.863497 0.000000 0.000000 0.000000 174.909481 -41.145644 0.000000 -64.750859 3.927007 0.000000 173.705682 -8.921880 0.000000 0.000000 0.000000 0.000000 0.000000 0.000000 0.000000 53.090794 24.731853 0.000000 -152.264000 24.942112 0.000000 0.000000 0.000000 0.000000 0.000000 0.000000 0.000000 -42.927996 23.433898 0.000000 158.752365 19.808010 0.000000 0.000000 0.000000 0.000000 0.000000 0.000000 0.000000 139.287208 59.289813 0.000000 8.158678 17.777553 0.000000 0.000000 0.000000 0.000000 153.393618 74.940116 0.000000 5.780467 19.954110 0.000000 0.000000 0.000000 0.000000
51.392689 0.005388 -47.854282 0.000000 0.000000 0.000000 174.952986 -41.256683 0.000000 -65.370336 3.936812 0.000000 173.831313 -8.841911 0.000000 0.000000 0.000000 0.000000 0.000000 0.000000 0.000000 53.509043 24.890938 0.000000 -152.709216 24.526248 0.000000 0.000000 0.000000 0.000000 0.000000 0.000000 0.000000 -42.578902 23.309589 0.000000 159.019056 19.490436 0.000000 0.000000 0.000000 0.000000 0.000000 0.000000 0.000000 138.908174 59.591349 0.000000 8.085599 17.623506 0.000000 0.000000 0.000000 0.000000 152.699799 75.220639 0.000000 5.725815 19.647485 0.000000 0.000000 0.000000 0.000000
51.401976 0.005080 -47.850084 0.000000 0.000000 0.000000 174.665203 -42.903039 0.000000 -63.694801 3.886410 0.000000 173.480409 -9.330358 0.000000 0.000000 0.000000 0.000000 0.000000 0.000000 0.000000 56.989280 25.871933 0.000000 -149.908459 26.443588 0.000000 0.000000 0.000000 0.000000 0.000000 0.000000 0.000000 -45.919128 24.509250 0.000000 156.756701 21.215369 0.000000 0.000000 0.000000 0.000000 0.000000 0.000000 0.000000 135.969707 61.220685 0.000000 8.630969 18.603100 0.000000 0.000000 0.000000 0.000000 148.846263 76.400539 0.000000 5.885099 20.155620 0.000000 0.000000 0.000000 0.000000
51.409161 0.004780 -47.849299 0.000000 0.000000 0.000000 174.639682 -42.963619 0.000000 -64.416423 3.904473 0.000000 173.589327 -9.178562 0.000000 0.000000 0.000000 0.000000 0.000000 0.000000 0.000000 56.954310 25.892535 0.000000 -150.013959 26.346938 0.000000 0.000000 0.000000 0.000000 0.000000 0.000000 0.000000 -45.366991 24.218687 0.000000 157.006166 20.910033 0.000000 0.000000 0.000000 0.000000 0.000000 0.000000 0.000000 135.310427 61.530783 0.000000 8.751169 18.640896 0.000000 0.000000 0.000000 0.000000 146.137554 76.566862 0.000000 5.704554 20.046951 0.000000 0.000000 0.000000 0.000000
51.414406 0.004430 -47.849476 0.000000 0.000000 0.000000 174.493728 -43.531091 0.000000 -64.788323 3.912479 0.000000 173.685025 -9.045001 0.000000 0.000000 0.000000 0.000000 0.000000 0.000000 0.000000 56.452803 25.797944 0.000000 -150.200258 26.179891 0.000000 0.000000 0.000000 0.000000 0.000000 0.000000 0.000000 -45.230118 24.059607 0.000000 157.589611 20.351832 0.000000 0.000000 0.000000 0.000000 0.000000 0.000000 0.000000 135.264025 61.559156 0.000000 8.743081 18.576839 0.000000 0.000000 0.000000 0.000000 144.999773 76.604827 0.000000 5.603385 19.982832 0.000000 0.000000 0.000000 0.000000
51.431288 0.004359 -47.852585 0.000000 0.000000 0.000000 174.474610 -43.553440 0.000000 -65.162182 3.913743 0.000000 173.678111 -9.012330 0.000000 0.000000 0.000000 0.000000 0.000000 0.000000 0.000000 56.493653 25.856178 0.000000 -150.298195 26.029716 0.000000 0.000000 0.000000 0.000000 0.000000 0.000000 0.000000 -45.196748 23.954360 0.000000 157.498278 20.335573 0.000000 0.000000 0.000000 0.000000 0.000000 0.000000 0.000000 135.103718 61.653327 0.000000 8.663490 18.467482 0.000000 0.000000 0.000000 0.000000 143.849973 76.870773 0.000000 5.534952 19.920312 0.000000 0.000000 0.000000 0.000000
51.459523 0.004473 -47.854088 0.000000 0.000000 0.000000 174.510620 -43.546678 0.000000 -65.094656 3.907447 0.000000 173.671720 -9.009646 0.000000 0.000000 0.000000 0.000000 0.000000 0.000000 0.000000 56.878863 26.036208 0.000000 -150.062025 26.100957 0.000000 0.000000 0.000000 0.000000 0.000000 0.000000 0.000000 -45.410586 24.013142 0.000000 157.581641 20.210227 0.000000 0.000000 0.000000 0.000000 0.000000 0.000000 0.000000 134.419057 61.984690 0.000000 8.630573 18.435017 0.000000 0.000000 0.000000 0.000000 141.561445 77.323995 0.000000 5.476692 19.868490 0.000000 0.000000 0.000000 0.000000
51.517911 0.004509 -47.855639 0.000000 0.000000 0.000000 174.658503 -43.570517 0.000000 -64.657028 3.890732 0.000000 173.627887 -9.046527 0.000000 0.000000 0.000000 0.000000 0.000000 0.000000 0.000000 57.062827 26.128486 0.000000 -150.057336 26.048779 0.000000 0.000000 0.000000 0.000000 0.000000 0.000000 0.000000 -45.865231 24.147200 0.000000 157.588073 20.152329 0.000000 0.000000 0.000000 0.000000 0.000000 0.000000 0.000000 134.261380 62.168122 0.000000 8.588645 18.439004 0.000000 0.000000 0.000000 0.000000 141.023295 77.441993 0.000000 5.434034 19.870945 0.000000 0.000000 0.000000 0.000000
51.582856 0.004104 -47.856385 0.000000 0.000000 0.000000 174.723256 -44.090439 0.000000 -65.278011 3.899572 0.000000 173.619134 -9.058268 0.000000 0.000000 0.000000 0.000000 0.000000 0.000000 0.000000 57.002296 26.089886 0.000000 -150.239833 25.913371 0.000000 0.000000 0.000000 0.000000 0.000000 0.000000 0.000000 -45.528189 23.972492 0.000000 157.367645 20.270115 0.000000 0.000000 0.000000 0.000000 0.000000 0.000000 0.000000 134.470710 62.157876 0.000000 8.525287 18.414459 0.000000 0.000000 0.000000 0.000000 140.409721 77.371344 0.000000 5.384853 19.983909 0.000000 0.000000 0.000000 0.000000
51.669878 0.003842 -47.861186 0.000000 0.000000 0.000000 174.797633 -44.310809 0.000000 -65.197212 3.887114 0.000000 173.632575 -9.091196 0.000000 0.000000 0.000000 0.000000 0.000000 0.000000 0.000000 57.487769 26.229570 0.000000 -150.160845 25.878954 0.000000 0.000000 0.000000 0.000000 0.000000 0.000000 0.000000 -45.930927 24.020744 0.000000 157.285091 20.310683 0.000000 0.000000 0.000000 0.000000 0.000000 0.000000 0.000000 134.403269 62.244323 0.000000 8.448728 18.419526 0.000000 0.000000 0.000000 0.000000 140.133748 77.430167 0.000000 5.327589 20.016626 0.000000 0.000000 0.000000 0.000000
51.743646 0.003855 -47.859792 0.000000 0.000000 0.000000 174.880928 -44.436014 0.000000 -65.386793 3.891862 0.000000 173.664713 -9.064439 0.000000 0.000000 0.000000 0.000000 0.000000 0.000000 0.000000 57.441140 26.143119 0.000000 -150.426373 25.803856 0.000000 0.000000 0.000000 0.000000 0.000000 0.000000 0.000000 -45.663672 23.883316 0.000000 157.303433 20.265214 0.000000 0.000000 0.000000 0.000000 0.000000 0.000000 0.000000 134.320127 62.186560 0.000000 8.325518 18.398620 0.000000 0.000000 0.000000 0.000000 140.672546 77.485536 0.000000 5.321879 20.018018 0.000000 0.000000 0.000000 0.000000
51.893443 0.003588 -47.859882 0.000000 0.000000 0.000000 175.043581 -45.201423 0.000000 -65.738126 3.954037 0.000000 173.616687 -9.190728 0.000000 0.000000 0.000000 0.000000 0.000000 0.000000 0.000000 57.597394 26.170826 0.000000 -149.822730 26.376278 0.000000 0.000000 0.000000 0.000000 0.000000 0.000000 0.000000 -46.152713 23.937891 0.000000 156.778605 20.618738 0.000000 0.000000 0.000000 0.000000 0.000000 0.000000 0.000000 134.543558 62.400682 0.000000 8.225368 18.406475 0.000000 0.000000 0.000000 0.000000 141.037479 77.754313 0.000000 5.292624 20.102152 0.000000 0.000000 0.000000 0.000000
52.013031 0.004692 -47.854319 0.000000 0.000000 0.000000 174.939328 -45.090381 0.000000 -65.502009 3.949362 0.000000 173.702309 -9.154116 0.000000 0.000000 0.000000 0.000000 0.000000 0.000000 0.000000 57.076115 26.101111 0.000000 -149.700239 26.379695 0.000000 0.000000 0.000000 0.000000 0.000000 0.000000 0.000000 -45.505145 23.527707 0.000000 156.983411 20.506397 0.000000 0.000000 0.000000 0.000000 0.000000 0.000000 0.000000 134.654939 62.717550 0.000000 8.183930 18.396675 0.000000 0.000000 0.000000 0.000000 140.836276 78.128731 0.000000 5.220818 20.034563 0.000000 0.000000 0.000000 0.000000
52.173935 0.004186 -47.850244 0.000000 0.000000 0.000000 174.789912 -45.115390 0.000000 -66.238132 3.916846 0.000000 173.617835 -9.185811 0.000000 0.000000 0.000000 0.000000 0.000000 0.000000 0.000000 55.645817 25.734800 0.000000 -149.367670 26.520658 0.000000 0.000000 0.000000 0.000000 0.000000 0.000000 0.000000 -45.609967 23.311918 0.000000 156.595071 20.576258 0.000000 0.000000 0.000000 0.000000 0.000000 0.000000 0.000000 135.346789 62.703068 0.000000 7.963398 18.282118 0.000000 0.000000 0.000000 0.000000 141.211754 78.483396 0.000000 5.162293 20.103400 0.000000 0.000000 0.000000 0.000000
52.310659 0.004078 -47.839844 0.000000 0.000000 0.000000 174.762696 -45.067790 0.000000 -66.176016 3.883689 0.000000 173.606743 -9.113276 0.000000 0.000000 0.000000 0.000000 0.000000 0.000000 0.000000 55.013393 25.495778 0.000000 -149.848373 26.238576 0.000000 0.000000 0.000000 0.000000 0.000000 0.000000 0.000000 -45.396337 23.009601 0.000000 156.467444 20.415458 0.000000 0.000000 0.000000 0.000000 0.000000 0.000000 0.000000 136.438804 62.303260 0.000000 7.713569 18.093012 0.000000 0.000000 0.000000 0.000000 142.507397 78.611878 0.000000 5.053679 19.970845 0.000000 0.000000 0.000000 0.000000
52.490464 0.004252 -47.832882 0.000000 0.000000 0.000000 174.780508 -44.271066 0.000000 -66.308635 3.863660 0.000000 173.697661 -8.991162 0.000000 0.000000 0.000000 0.000000 0.000000 0.000000 0.000000 53.609875 25.019783 0.000000 -149.596124 26.279629 0.000000 0.000000 0.000000 0.000000 0.000000 0.000000 0.000000 -44.358744 22.341237 0.000000 156.050930 20.454019 0.000000 0.000000 0.000000 0.000000 0.000000 0.000000 0.000000 137.100945 62.461259 0.000000 7.531843 17.902714 0.000000 0.000000 0.000000 0.000000 144.104201 78.619856 0.000000 4.876537 19.811733 0.000000 0.000000 0.000000 0.000000
52.665393 0.004283 -47.820885 0.000000 0.000000 0.000000 174.872155 -43.587889 0.000000 -66.177515 3.858759 0.000000 173.699380 -8.859749 0.000000 0.000000 0.000000 0.000000 0.000000 0.000000 0.000000 52.798810 24.676098 0.000000 -150.111157 25.844374 0.000000 0.000000 0.000000 0.000000 0.000000 0.000000 0.000000 -43.605401 21.998251 0.000000 156.218282 20.168331 0.000000 0.000000 0.000000 0.000000 0.000000 0.000000 0.000000 137.171902 62.620023 0.000000 7.355868 17.731392 0.000000 0.000000 0.000000 0.000000 146.645036 78.709861 0.000000 4.715988 19.442343 0.000000 0.000000 0.000000 0.000000
52.888620 0.004779 -47.812396 0.000000 0.000000 0.000000 175.153961 -42.537063 0.000000 -65.559807 3.934216 0.000000 173.813496 -8.660673 0.000000 0.000000 0.000000 0.000000 0.000000 0.000000 0.000000 52.312455 24.411594 0.000000 -151.372784 25.079700 0.000000 0.000000 0.000000 0.000000 0.000000 0.000000 0.000000 -42.400841 21.527340 0.000000 156.470208 19.677257 0.000000 0.000000 0.000000 0.000000 0.000000 0.000000 0.000000 137.827294 62.914603 0.000000 7.139240 17.342109 0.000000 0.000000 0.000000 0.000000 151.410467 78.310817 0.000000 4.520173 18.887143 0.000000 0.000000 0.000000 0.000000
53.130071 0.005252 -47.793351 0.000000 0.000000 0.000000 174.904149 -42.749322 0.000000 -65.736802 3.923488 0.000000 173.711487 -8.797817 0.000000 0.000000 0.000000 0.000000 0.000000 0.000000 0.000000 52.567592 24.441203 0.000000 -151.527771 24.988946 0.000000 0.000000 0.000000 0.000000 0.000000 0.000000 0.000000 -42.628201 21.570127 0.000000 156.157980 19.668965 0.000000 0.000000 0.000000 0.000000 0.000000 0.000000 0.000000 138.994331 63.236492 0.000000 7.054381 17.207074 0.000000 0.000000 0.000000 0.000000 154.612125 78.381315 0.000000 4.531801 19.008137 0.000000 0.000000 0.000000 0.000000
53.489442 0.006089 -47.717439 0.000000 0.000000 0.000000 175.024664 -43.170350 0.000000 -65.931815 3.931470 0.000000 173.536497 -8.861173 0.000000 0.000000 0.000000 0.000000 0.000000 0.000000 0.000000 52.858209 24.208263 0.000000 -152.148810 24.766514 0.000000 0.000000 0.000000 0.000000 0.000000 0.000000 0.000000 -42.439323 21.646279 0.000000 155.727825 19.608351 0.000000 0.000000 0.000000 0.000000 0.000000 0.000000 0.000000 141.537062 63.463601 0.000000 6.963925 17.119714 0.000000 0.000000 0.000000 0.000000 159.884827 77.812073 0.000000 4.423715 19.085901 0.000000 0.000000 0.000000 0.000000
53.669876 0.006708 -47.623424 0.000000 0.000000 0.000000 174.096267 -44.252090 0.000000 -68.296951 3.752881 0.000000 173.187144 -8.941726 0.000000 0.000000 0.000000 0.000000 0.000000 0.000000 0.000000 50.398784 23.610404 0.000000 -153.006640 23.403239 0.000000 0.000000 0.000000 0.000000 0.000000 0.000000 0.000000 -41.959417 21.857957 0.000000 154.408127 19.973586 0.000000 0.000000 0.000000 0.000000 0.000000 0.000000 0.000000 142.688880 63.682219 0.000000 7.068032 17.299432 0.000000 0.000000 0.000000 0.000000 161.631681 76.267848 0.000000 4.319770 19.619537 0.000000 0.000000 0.000000 0.000000
53.986056 0.006860 -47.519608 0.000000 0.000000 0.000000 173.711697 -45.516552 0.000000 -70.451206 3.550929 0.000000 172.735893 -9.022755 0.000000 0.000000 0.000000 0.000000 0.000000 0.000000 0.000000 50.013627 23.558963 0.000000 -152.895117 22.637589 0.000000 0.000000 0.000000 0.000000 0.000000 0.000000 0.000000 -41.526375 22.312155 0.000000 154.263598 19.850736 0.000000 0.000000 0.000000 0.000000 0.000000 0.000000 0.000000 145.276047 63.882943 0.000000 7.112026 17.525754 0.000000 0.000000 0.000000 0.000000 163.789101 75.551009 0.000000 4.132431 19.834658 0.000000 0.000000 0.000000 0.000000
54.260495 0.007544 -47.391984 0.000000 0.000000 0.000000 172.373554 -48.827057 0.000000 -73.596073 3.334873 0.000000 172.041885 -8.883797 0.000000 0.000000 0.000000 0.000000 0.000000 0.000000 0.000000 45.983238 22.419613 0.000000 -154.002368 20.397506 0.000000 0.000000 0.000000 0.000000 0.000000 0.000000 0.000000 -39.012602 22.053260 0.000000 155.587328 18.828966 0.000000 0.000000 0.000000 0.000000 0.000000 0.000000 0.000000 147.200813 64.304347 0.000000 7.130564 17.547377 0.000000 0.000000 0.000000 0.000000 164.740905 75.214960 0.000000 3.845915 19.733538 0.000000 0.000000 0.000000 0.000000
54.545112 0.008690 -47.338498 0.000000 0.000000 0.000000 169.085754 -54.607108 0.000000 -74.403787 3.033762 0.000000 170.962512 -9.225591 0.000000 0.000000 0.000000 0.000000 0.000000 0.000000 0.000000 46.225393 23.246118 0.000000 -150.183574 21.044658 0.000000 0.000000 0.000000 0.000000 0.000000 0.000000 0.000000 -39.837660 23.686028 0.000000 153.171374 20.372199 0.000000 0.000000 0.000000 0.000000 0.000000 0.000000 0.000000 149.072119 64.611694 0.000000 7.482945 18.394865 0.000000 0.000000 0.000000 0.000000 164.797098 74.310202 0.000000 3.759920 21.359938 0.000000 0.000000 0.000000 0.000000
54.761714 0.008564 -47.349411 0.000000 0.000000 0.000000 168.197722 -54.037050 0.000000 -67.815013 2.632293 0.000000 170.705789 -9.278166 0.000000 0.000000 0.000000 0.000000 0.000000 0.000000 0.000000 55.569297 26.320501 0.000000 -151.915408 14.989644 0.000000 0.000000 0.000000 0.000000 0.000000 0.000000 0.000000 -47.502876 27.824554 0.000000 153.543681 19.381912 0.000000 0.000000 0.000000 0.000000 0.000000 0.000000 0.000000 148.275018 65.780203 0.000000 7.443168 18.436752 0.000000 0.000000 0.000000 0.000000 164.326671 74.722181 0.000000 3.452452 20.986003 0.000000 0.000000 0.000000 0.000000
55.028746 0.009227 -47.334430 0.000000 0.000000 0.000000 167.015266 -54.010189 0.000000 -63.340477 2.328080 0.000000 169.729886 -9.475255 0.000000 0.000000 0.000000 0.000000 0.000000 0.000000 0.000000 83.737106 31.250330 0.000000 -152.965194 10.593545 0.000000 0.000000 0.000000 0.000000 0.000000 0.000000 0.000000 -55.435951 31.829656 0.000000 153.705722 17.858196 0.000000 0.000000 0.000000 0.000000 0.000000 0.000000 0.000000 144.224664 68.429178 0.000000 7.661806 19.357912 0.000000 0.000000 0.000000 0.000000 163.191101 74.924522 0.000000 2.998758 21.029141 0.000000 0.000000 0.000000 0.000000
55.563241 0.009714 -47.373891 0.000000 0.000000 0.000000 163.982819 -58.405901 0.000000 -60.579557 2.140039 0.000000 168.765491 -10.197998 0.000000 0.000000 0.000000 0.000000 0.000000 0.000000 0.000000 111.315214 31.292008 0.000000 -151.836751 7.419394 0.000000 0.000000 0.000000 0.000000 0.000000 0.000000 0.000000 -77.776935 37.656532 0.000000 158.272040 13.464822 0.000000 0.000000 0.000000 0.000000 0.000000 0.000000 0.000000 137.290491 72.620337 0.000000 7.561331 20.014987 0.000000 0.000000 0.000000 0.000000 163.439396 77.624070 0.000000 2.749258 21.192837 0.000000 0.000000 0.000000 0.000000
56.373043 0.009893 -47.352120 0.000000 0.000000 0.000000 156.298082 -67.269317 0.000000 -62.530416 2.135682 0.000000 168.421153 -10.324333 0.000000 0.000000 0.000000 0.000000 0.000000 0.000000 0.000000 122.736690 32.050737 0.000000 -150.504656 4.442111 0.000000 0.000000 0.000000 0.000000 0.000000 0.000000 0.000000 -101.365939 38.853633 0.000000 161.802224 9.205259 0.000000 0.000000 0.000000 0.000000 0.000000 0.000000 0.000000 140.973788 74.861520 0.000000 7.356486 20.158187 0.000000 0.000000 0.000000 0.000000 169.063572 78.273456 0.000000 2.191672 21.276243 0.000000 0.000000 0.000000 0.000000
57.060248 0.010044 -47.324565 0.000000 0.000000 0.000000 159.608067 -63.950792 0.000000 -69.432870 2.204655 0.000000 167.994957 -10.267662 0.000000 0.000000 0.000000 0.000000 0.000000 0.000000 0.000000 123.844280 33.936237 0.000000 -153.431526 1.631777 0.000000 0.000000 0.000000 0.000000 0.000000 0.000000 0.000000 -132.214900 34.257398 0.000000 161.747653 6.471366 0.000000 0.000000 0.000000 0.000000 0.000000 0.000000 0.000000 128.271954 78.793597 0.000000 6.290606 18.446009 0.000000 0.000000 0.000000 0.000000 168.306824 82.534484 0.000000 1.417194 21.190221 0.000000 0.000000 0.000000 0.000000
57.766432 0.009577 -47.236116 0.000000 0.000000 0.000000 160.937082 -62.666838 0.000000 -70.399185 2.118632 0.000000 167.786212 -10.207823 0.000000 0.000000 0.000000 0.000000 0.000000 0.000000 0.000000 144.466101 27.256163 0.000000 -159.123406 -0.516218 0.000000 0.000000 0.000000 0.000000 0.000000 0.000000 0.000000 -152.303190 23.720946 0.000000 161.727868 3.134916 0.000000 0.000000 0.000000 0.000000 0.000000 0.000000 0.000000 138.565576 78.366314 0.000000 5.701194 17.637927 0.000000 0.000000 0.000000 0.000000 175.656070 80.745063 0.000000 0.740004 20.072450 0.000000 0.000000 0.000000 0.000000
58.463880 0.011049 -47.067079 0.000000 0.000000 0.000000 130.741872 -76.915569 0.000000 -85.294478 2.113976 0.000000 167.323164 -10.671386 0.000000 0.000000 0.000000 0.000000 0.000000 0.000000 0.000000 153.239742 24.007204 0.000000 -158.173218 -1.858381 0.000000 0.000000 0.000000 0.000000 0.000000 0.000000 0.000000 -154.636263 25.283155 0.000000 160.385410 0.106666 0.000000 0.000000 0.000000 0.000000 0.000000 0.000000 0.000000 141.821037 78.716215 0.000000 5.444629 18.070346 0.000000 0.000000 0.000000 0.000000 -173.780918 79.124931 0.000000 0.350453 20.389368 0.000000 0.000000 0.000000 0.000000
59.164041 0.009083 -47.005844 0.000000 0.000000 0.000000 78.944116 -79.687682 0.000000 -86.683318 1.842018 0.000000 167.239157 -10.718764 0.000000 0.000000 0.000000 0.000000 0.000000 0.000000 0.000000 157.952819 22.401742 0.000000 -157.093892 -2.379029 0.000000 0.000000 0.000000 0.000000 0.000000 0.000000 0.000000 -157.744592 23.476832 0.000000 161.569718 -1.642569 0.000000 0.000000 0.000000 0.000000 0.000000 0.000000 0.000000 148.067776 78.428424 0.000000 5.155575 18.781117 0.000000 0.000000 0.000000 0.000000 -170.383960 79.767179 0.000000 -0.408384 21.526194 0.000000 0.000000 0.000000 0.000000
59.880581 0.008871 -46.982090 0.000000 0.000000 0.000000 40.328348 -75.103947 0.000000 -93.950080 1.633234 0.000000 166.327416 -11.045485 0.000000 0.000000 0.000000 0.000000 0.000000 0.000000 0.000000 158.495005 24.056499 0.000000 -157.988787 -3.094979 0.000000 0.000000 0.000000 0.000000 0.000000 0.000000 0.000000 -160.670498 21.947816 0.000000 159.256787 -2.918681 0.000000 0.000000 0.000000 0.000000 0.000000 0.000000 0.000000 140.867298 81.015402 0.000000 4.350381 18.443485 0.000000 0.000000 0.000000 0.000000 -163.440541 81.470186 0.000000 -1.165118 21.424476 0.000000 0.000000 0.000000 0.000000
60.470679 0.008934 -46.898650 0.000000 0.000000 0.000000 20.265662 -63.264653 0.000000 -93.557687 1.134362 0.000000 165.080798 -11.418334 0.000000 0.000000 0.000000 0.000000 0.000000 0.000000 0.000000 161.764205 25.280784 0.000000 -156.914155 -3.777067 0.000000 0.000000 0.000000 0.000000 0.000000 0.000000 0.000000 -163.526308 20.646460 0.000000 155.058671 -4.334829 0.000000 0.000000 0.000000 0.000000 0.000000 0.000000 0.000000 136.923392 80.836944 0.000000 3.681279 18.909349 0.000000 0.000000 0.000000 0.000000 -151.332577 82.776265 0.000000 -1.785767 21.727677 0.000000 0.000000 0.000000 0.000000
61.049381 0.008379 -46.856622 0.000000 0.000000 0.000000 15.161799 -54.949943 0.000000 -91.631125 0.666107 0.000000 164.433768 -11.847971 0.000000 0.000000 0.000000 0.000000 0.000000 0.000000 0.000000 166.693134 25.487016 0.000000 -153.009835 -4.330763 0.000000 0.000000 0.000000 0.000000 0.000000 0.000000 0.000000 -166.060223 18.998993 0.000000 150.289412 -4.904240 0.000000 0.000000 0.000000 0.000000 0.000000 0.000000 0.000000 140.025272 80.828588 0.000000 3.135296 19.465173 0.000000 0.000000 0.000000 0.000000 -142.124550 83.513716 0.000000 -2.384271 22.892226 0.000000 0.000000 0.000000 0.000000
61.599568 0.008173 -46.828039 0.000000 0.000000 0.000000 12.418090 -49.970349 0.000000 -103.453205 0.380923 0.000000 161.857992 -13.061251 0.000000 0.000000 0.000000 0.000000 0.000000 0.000000 0.000000 169.602606 26.532403 0.000000 -148.535571 -5.147906 0.000000 0.000000 0.000000 0.000000 0.000000 0.000000 0.000000 -166.774152 19.044572 0.000000 147.041587 -4.716225 0.000000 0.000000 0.000000 0.000000 0.000000 0.000000 0.000000 136.128991 82.176940 0.000000 2.717777 20.020931 0.000000 0.000000 0.000000 0.000000 -122.439929 84.287105 0.000000 -2.890193 23.828822 0.000000 0.000000 0.000000 0.000000
62.198350 0.007580 -46.820109 0.000000 0.000000 0.000000 12.909735 -49.217522 0.000000 -101.117094 0.010343 0.000000 161.285043 -13.406220 0.000000 0.000000 0.000000 0.000000 0.000000 0.000000 0.000000 173.304066 25.329853 0.000000 -147.633339 -5.042989 0.000000 0.000000 0.000000 0.000000 0.000000 0.000000 0.000000 -168.608151 17.035567 0.000000 147.686327 -4.331936 0.000000 0.000000 0.000000 0.000000 0.000000 0.000000 0.000000 141.882490 82.305236 0.000000 2.431966 20.550024 0.000000 0.000000 0.000000 0.000000 -112.916524 82.720095 0.000000 -3.243994 24.876645 0.000000 0.000000 0.000000 0.000000
62.772694 0.007613 -46.826081 0.000000 0.000000 0.000000 13.864905 -50.898605 0.000000 -101.854806 -0.349696 0.000000 160.368195 -14.290471 0.000000 0.000000 0.000000 0.000000 0.000000 0.000000 0.000000 176.810380 27.073090 0.000000 -139.171619 -4.734283 0.000000 0.000000 0.000000 0.000000 0.000000 0.000000 0.000000 -169.403840 16.080859 0.000000 142.139320 -3.393209 0.000000 0.000000 0.000000 0.000000 0.000000 0.000000 0.000000 153.497846 82.540078 0.000000 2.357603 21.493291 0.000000 0.000000 0.000000 0.000000 -109.286219 80.562227 0.000000 -3.281471 25.370000 0.000000 0.000000 0.000000 0.000000
63.311568 0.007372 -46.841608 0.000000 0.000000 0.000000 14.216015 -50.131442 0.000000 -104.523245 -0.552506 0.000000 158.918495 -15.376767 0.000000 0.000000 0.000000 0.000000 0.000000 0.000000 0.000000 -177.285363 30.285576 0.000000 -130.805905 -4.593600 0.000000 0.000000 0.000000 0.000000 0.000000 0.000000 0.000000 -170.576218 15.370232 0.000000 135.257984 -2.341984 0.000000 0.000000 0.000000 0.000000 0.000000 0.000000 0.000000 160.210993 82.753677 0.000000 2.362075 23.119669 0.000000 0.000000 0.000000 0.000000 -106.687168 78.523725 0.000000 -3.432177 27.720727 0.000000 0.000000 0.000000 0.000000
63.850120 0.006376 -46.819830 0.000000 0.000000 0.000000 14.961289 -51.154750 0.000000 -101.396247 -0.720220 0.000000 158.542021 -15.573701 0.000000 0.000000 0.000000 0.000000 0.000000 0.000000 0.000000 -173.808423 31.663709 0.000000 -122.034512 -4.184056 0.000000 0.000000 0.000000 0.000000 0.000000 0.000000 0.000000 -171.156867 15.165789 0.000000 126.752727 -1.395263 0.000000 0.000000 0.000000 0.000000 0.000000 0.000000 0.000000 169.065644 77.799319 0.000000 1.742699 24.354468 0.000000 0.000000 0.000000 0.000000 -106.372236 76.452624 0.000000 -3.472846 28.573961 0.000000 0.000000 0.000000 0.000000
64.226776 0.005246 -46.812738 0.000000 0.000000 0.000000 15.542623 -51.972441 0.000000 -96.807041 -0.744738 0.000000 160.025121 -14.160258 0.000000 0.000000 0.000000 0.000000 0.000000 0.000000 0.000000 -172.639056 28.390128 0.000000 -130.342849 -3.621703 0.000000 0.000000 0.000000 0.000000 0.000000 0.000000 0.000000 -171.143073 15.332667 0.000000 130.160452 -0.401679 0.000000 0.000000 0.000000 0.000000 0.000000 0.000000 0.000000 173.689302 71.952144 0.000000 1.158815 23.177170 0.000000 0.000000 0.000000 0.000000 -110.683516 74.547755 0.000000 -3.229807 28.418779 0.000000 0.000000 0.000000 0.000000
64.731824 0.002802 -46.869110 0.000000 0.000000 0.000000 15.822788 -52.272847 0.000000 -89.741827 -0.952663 0.000000 161.701474 -12.642625 0.000000 0.000000 0.000000 0.000000 0.000000 0.000000 0.000000 -171.088319 27.044935 0.000000 -136.321994 -3.179470 0.000000 0.000000 0.000000 0.000000 0.000000 0.000000 0.000000 -170.780264 15.411096 0.000000 137.993097 -0.187129 0.000000 0.000000 0.000000 0.000000 0.000000 0.000000 0.000000 177.247792 68.902918 0.000000 0.695367 21.751434 0.000000 0.000000 0.000000 0.000000 -113.157979 72.517812 0.000000 -3.006943 27.670981 0.000000 0.000000 0.000000 0.000000
65.063384 0.000949 -46.890157 0.000000 0.000000 0.000000 15.476635 -51.909624 0.000000 -87.606952 -1.190564 0.000000 161.370405 -11.720870 0.000000 0.000000 0.000000 0.000000 0.000000 0.000000 0.000000 -168.396687 26.919215 0.000000 -139.708662 -3.078499 0.000000 0.000000 0.000000 0.000000 0.000000 0.000000 0.000000 -170.087298 16.271344 0.000000 140.765095 0.404544 0.000000 0.000000 0.000000 0.000000 0.000000 0.000000 0.000000 177.591649 68.229279 0.000000 0.370423 20.658426 0.000000 0.000000 0.000000 0.000000 -111.958520 71.327462 0.000000 -2.872465 26.008111 0.000000 0.000000 0.000000 0.000000
65.454990 0.000843 -46.914037 0.000000 0.000000 0.000000 19.301102 -57.978185 0.000000 -77.486922 -1.519766 0.000000 162.535405 -10.401389 0.000000 0.000000 0.000000 0.000000 0.000000 0.000000 0.000000 -166.718875 28.090908 0.000000 -143.213391 -1.920193 0.000000 0.000000 0.000000 0.000000 0.000000 0.000000 0.000000 -168.600154 17.021386 0.000000 141.692409 0.424201 0.000000 0.000000 0.000000 0.000000 0.000000 0.000000 0.000000 179.402793 68.568742 0.000000 0.021157 18.522152 0.000000 0.000000 0.000000 0.000000 -110.002540 70.474612 0.000000 -2.723755 24.103348 0.000000 0.000000 0.000000 0.000000
65.910578 -0.000036 -46.939842 0.000000 0.000000 0.000000 18.397422 -57.913444 0.000000 -77.078502 -1.606200 0.000000 161.982492 -10.493518 0.000000 0.000000 0.000000 0.000000 0.000000 0.000000 0.000000 -164.070775 30.830842 0.000000 -137.365598 -1.414867 0.000000 0.000000 0.000000 0.000000 0.000000 0.000000 0.000000 -165.087057 22.128612 0.000000 140.303769 -0.060627 0.000000 0.000000 0.000000 0.000000 0.000000 0.000000 0.000000 -175.756434 71.008467 0.000000 -0.004829 18.674650 0.000000 0.000000 0.000000 0.000000 -97.612115 70.877386 0.000000 -3.230426 23.705151 0.000000 0.000000 0.000000 0.000000
66.161293 0.000510 -46.990560 0.000000 0.000000 0.000000 24.140578 -63.322205 0.000000 -72.728108 -1.910412 0.000000 161.721445 -10.123360 0.000000 0.000000 0.000000 0.000000 0.000000 0.000000 0.000000 -157.215964 38.145461 0.000000 -130.326779 -1.418947 0.000000 0.000000 0.000000 0.000000 0.000000 0.000000 0.000000 -164.062052 23.503972 0.000000 139.235518 -0.570543 0.000000 0.000000 0.000000 0.000000 0.000000 0.000000 0.000000 -170.802287 78.155127 0.000000 -0.204217 19.617083 0.000000 0.000000 0.000000 0.000000 -88.316287 71.386791 0.000000 -3.691234 23.644841 0.000000 0.000000 0.000000 0.000000
66.369817 0.001044 -47.009964 0.000000 0.000000 0.000000 26.886640 -65.300544 0.000000 -78.407593 -2.158057 0.000000 161.325836 -10.031489 0.000000 0.000000 0.000000 0.000000 0.000000 0.000000 0.000000 -153.286420 41.254929 0.000000 -132.641737 -0.681360 0.000000 0.000000 0.000000 0.000000 0.000000 0.000000 0.000000 -161.998219 26.643669 0.000000 138.279660 -0.963819 0.000000 0.000000 0.000000 0.000000 0.000000 0.000000 0.000000 -166.675645 79.847668 0.000000 -0.413835 18.864591 0.000000 0.000000 0.000000 0.000000 -86.256682 71.467718 0.000000 -3.962178 23.331811 0.000000 0.000000 0.000000 0.000000
66.500926 0.001666 -47.053322 0.000000 0.000000 0.000000 29.467120 -66.571962 0.000000 -82.091884 -2.400698 0.000000 160.195934 -10.283149 0.000000 0.000000 0.000000 0.000000 0.000000 0.000000 0.000000 -152.321094 43.714824 0.000000 -129.805846 -0.247528 0.000000 0.000000 0.000000 0.000000 0.000000 0.000000 0.000000 -162.001588 27.591408 0.000000 136.453494 -1.470684 0.000000 0.000000 0.000000 0.000000 0.000000 0.000000 0.000000 -160.253651 82.747688 0.000000 -0.580461 19.257348 0.000000 0.000000 0.000000 0.000000 -86.088778 71.569180 0.000000 -4.309331 23.715006 0.000000 0.000000 0.000000 0.000000
66.574082 0.001813 -47.080126 0.000000 0.000000 0.000000 39.863394 -71.091630 0.000000 -80.718248 -2.656257 0.000000 160.641769 -9.976057 0.000000 0.000000 0.000000 0.000000 0.000000 0.000000 0.000000 -152.155668 45.032077 0.000000 -129.410142 -0.689454 0.000000 0.000000 0.000000 0.000000 0.000000 0.000000 0.000000 -161.865258 27.566452 0.000000 141.381881 -1.648428 0.000000 0.000000 0.000000 0.000000 0.000000 0.000000 0.000000 -163.979228 82.748968 0.000000 -0.791745 18.618569 0.000000 0.000000 0.000000 0.000000 -84.446112 71.493786 0.000000 -4.297901 23.036173 0.000000 0.000000 0.000000 0.000000
66.543344 0.001277 -47.075190 0.000000 0.000000 0.000000 36.288178 -68.662432 0.000000 -82.110343 -2.747316 0.000000 160.320799 -10.229793 0.000000 0.000000 0.000000 0.000000 0.000000 0.000000 0.000000 -156.655906 43.246903 0.000000 -129.751636 -0.858015 0.000000 0.000000 0.000000 0.000000 0.000000 0.000000 0.000000 -162.223475 26.849390 0.000000 143.064506 -1.614594 0.000000 0.000000 0.000000 0.000000 0.000000 0.000000 0.000000 -167.438473 82.699514 0.000000 -0.884382 18.803295 0.000000 0.000000 0.000000 0.000000 -86.033326 71.732380 0.000000 -4.397821 23.176269 0.000000 0.000000 0.000000 0.000000
66.520071 0.001345 -47.072642 0.000000 0.000000 0.000000 37.853646 -68.362625 0.000000 -81.712778 -2.940512 0.000000 160.373928 -10.410949 0.000000 0.000000 0.000000 0.000000 0.000000 0.000000 0.000000 -159.289986 43.268091 0.000000 -135.514114 -1.182383 0.000000 0.000000 0.000000 0.000000 0.000000 0.000000 0.000000 -162.517834 26.217747 0.000000 143.288110 -1.513345 0.000000 0.000000 0.000000 0.000000 0.000000 0.000000 0.000000 -168.606906 81.680156 0.000000 -0.855436 18.692399 0.000000 0.000000 0.000000 0.000000 -87.084048 71.785114 0.000000 -4.373067 23.101988 0.000000 0.000000 0.000000 0.000000
66.469422 0.001456 -47.066788 0.000000 0.000000 0.000000 39.760704 -68.255536 0.000000 -81.081837 -2.997706 0.000000 160.674752 -10.440459 0.000000 0.000000 0.000000 0.000000 0.000000 0.000000 0.000000 -161.734876 43.053630 0.000000 -140.573040 -1.366254 0.000000 0.000000 0.000000 0.000000 0.000000 0.000000 0.000000 -162.518993 25.955940 0.000000 143.461776 -1.380257 0.000000 0.000000 0.000000 0.000000 0.000000 0.000000 0.000000 -170.832282 80.511002 0.000000 -0.834499 18.740155 0.000000 0.000000 0.000000 0.000000 -95.575408 71.898248 0.000000 -4.502519 23.932604 0.000000 0.000000 0.000000 0.000000
66.421658 0.001815 -47.080606 0.000000 0.000000 0.000000 39.729379 -67.796213 0.000000 -84.963272 -3.040679 0.000000 161.449513 -10.095957 0.000000 0.000000 0.000000 0.000000 0.000000 0.000000 0.000000 -169.763830 36.042715 0.000000 -144.206195 -1.400641 0.000000 0.000000 0.000000 0.000000 0.000000 0.000000 0.000000 -163.480556 25.524240 0.000000 145.938340 -1.137189 0.000000 0.000000 0.000000 0.000000 0.000000 0.000000 0.000000 -173.667164 77.175160 0.000000 -0.770431 18.192844 0.000000 0.000000 0.000000 0.000000 -103.319181 71.652097 0.000000 -4.224924 23.186701 0.000000 0.000000 0.000000 0.000000
66.385308 0.003114 -47.068314 0.000000 0.000000 0.000000 43.362527 -68.923845 0.000000 -87.806503 -3.029815 0.000000 160.883601 -10.451704 0.000000 0.000000 0.000000 0.000000 0.000000 0.000000 0.000000 -169.160549 37.343310 0.000000 -141.254171 -1.574255 0.000000 0.000000 0.000000 0.000000 0.000000 0.000000 0.000000 -163.723458 26.362694 0.000000 144.123415 -0.914562 0.000000 0.000000 0.000000 0.000000 0.000000 0.000000 0.000000 -174.391942 76.358155 0.000000 -0.753155 18.198464 0.000000 0.000000 0.000000 0.000000 -104.128476 71.610337 0.000000 -4.151940 23.156967 0.000000 0.000000 0.000000 0.000000
66.357589 0.003100 -47.080298 0.000000 0.000000 0.000000 41.761154 -68.174479 0.000000 -86.971660 -3.028378 0.000000 160.938323 -10.472088 0.000000 0.000000 0.000000 0.000000 0.000000 0.000000 0.000000 -170.820583 37.141820 0.000000 -139.911460 -1.709485 0.000000 0.000000 0.000000 0.000000 0.000000 0.000000 0.000000 -164.573380 25.871988 0.000000 144.017417 -0.849184 0.000000 0.000000 0.000000 0.000000 0.000000 0.000000 0.000000 -174.541090 76.286685 0.000000 -0.725899 18.172899 0.000000 0.000000 0.000000 0.000000 -103.135397 71.249215 0.000000 -3.836492 23.162970 0.000000 0.000000 0.000000 0.000000
66.343364 0.003157 -47.088388 0.000000 0.000000 0.000000 46.792792 -69.871789 0.000000 -85.272047 -3.005384 0.000000 161.163724 -10.393160 0.000000 0.000000 0.000000 0.000000 0.000000 0.000000 0.000000 -171.967152 35.189417 0.000000 -140.718440 -1.776770 0.000000 0.000000 0.000000 0.000000 0.000000 0.000000 0.000000 -164.596201 26.279892 0.000000 144.561274 -0.699368 0.000000 0.000000 0.000000 0.000000 0.000000 0.000000 0.000000 -174.447093 76.461808 0.000000 -0.710990 18.116735 0.000000 0.000000 0.000000 0.000000 -102.648647 70.964282 0.000000 -3.624173 23.093505 0.000000 0.000000 0.000000 0.000000
66.297573 0.003376 -47.101416 0.000000 0.000000 0.000000 44.808622 -69.139177 0.000000 -86.050453 -3.009783 0.000000 161.028418 -10.461632 0.000000 0.000000 0.000000 0.000000 0.000000 0.000000 0.000000 -171.970524 34.476328 0.000000 -139.945817 -1.837599 0.000000 0.000000 0.000000 0.000000 0.000000 0.000000 0.000000 -165.155183 25.420911 0.000000 145.534735 -0.603849 0.000000 0.000000 0.000000 0.000000 0.000000 0.000000 0.000000 -174.926894 75.790425 0.000000 -0.656989 17.851303 0.000000 0.000000 0.000000 0.000000 -102.083853 70.730368 0.000000 -3.372550 23.008258 0.000000 0.000000 0.000000 0.000000
66.215748 0.003404 -47.116159 0.000000 0.000000 0.000000 41.240131 -67.496446 0.000000 -88.270970 -3.006454 0.000000 160.961604 -10.574363 0.000000 0.000000 0.000000 0.000000 0.000000 0.000000 0.000000 -172.140280 33.135353 0.000000 -140.088718 -1.891437 0.000000 0.000000 0.000000 0.000000 0.000000 0.000000 0.000000 -165.146873 25.349828 0.000000 145.934317 -0.623581 0.000000 0.000000 0.000000 0.000000 0.000000 0.000000 0.000000 -175.620488 75.484093 0.000000 -0.569623 17.773893 0.000000 0.000000 0.000000 0.000000 -103.085940 70.591667 0.000000 -3.189238 22.961999 0.000000 0.000000 0.000000 0.000000
66.099811 0.003377 -47.118123 0.000000 0.000000 0.000000 40.941761 -67.151264 0.000000 -88.598553 -2.998411 0.000000 160.977527 -10.727615 0.000000 0.000000 0.000000 0.000000 0.000000 0.000000 0.000000 -171.464253 33.640874 0.000000 -142.207755 -1.824766 0.000000 0.000000 0.000000 0.000000 0.000000 0.000000 0.000000 -164.885158 25.419976 0.000000 145.858732 -0.685350 0.000000 0.000000 0.000000 0.000000 0.000000 0.000000 0.000000 -175.927199 75.311348 0.000000 -0.404234 17.721299 0.000000 0.000000 0.000000 0.000000 -103.269477 70.694484 0.000000 -3.051353 22.966841 0.000000 0.000000 0.000000 0.000000
65.908220 0.003333 -47.118291 0.000000 0.000000 0.000000 41.525632 -67.594839 0.000000 -87.862302 -2.994033 0.000000 161.438409 -10.414247 0.000000 0.000000 0.000000 0.000000 0.000000 0.000000 0.000000 -170.281626 34.324107 0.000000 -142.320442 -1.807213 0.000000 0.000000 0.000000 0.000000 0.000000 0.000000 0.000000 -164.130618 24.930958 0.000000 146.784493 -0.744151 0.000000 0.000000 0.000000 0.000000 0.000000 0.000000 0.000000 -177.642537 74.774809 0.000000 -0.242816 17.631332 0.000000 0.000000 0.000000 0.000000 -103.753917 71.192117 0.000000 -2.921395 22.368701 0.000000 0.000000 0.000000 0.000000
65.658033 0.003220 -47.116750 0.000000 0.000000 0.000000 40.477406 -67.643527 0.000000 -87.139254 -2.853966 0.000000 161.362573 -10.517611 0.000000 0.000000 0.000000 0.000000 0.000000 0.000000 0.000000 -167.215756 38.135802 0.000000 -139.123418 -1.839861 0.000000 0.000000 0.000000 0.000000 0.000000 0.000000 0.000000 -163.483783 24.603918 0.000000 146.700712 -0.899942 0.000000 0.000000 0.000000 0.000000 0.000000 0.000000 0.000000 -179.724647 74.931650 0.000000 -0.078575 17.668592 0.000000 0.000000 0.000000 0.000000 -102.576740 72.109427 0.000000 -2.850577 22.107193 0.000000 0.000000 0.000000 0.000000
65.387917 0.003181 -47.111888 0.000000 0.000000 0.000000 39.414622 -67.947026 0.000000 -87.044452 -2.578754 0.000000 161.459583 -10.624177 0.000000 0.000000 0.000000 0.000000 0.000000 0.000000 0.000000 -163.800259 40.661611 0.000000 -136.833770 -1.584308 0.000000 0.000000 0.000000 0.000000 0.000000 0.000000 0.000000 -163.062833 24.537944 0.000000 147.762941 -1.109148 0.000000 0.000000 0.000000 0.000000 0.000000 0.000000 0.000000 177.098249 75.353314 0.000000 0.004519 17.695535 0.000000 0.000000 0.000000 0.000000 -98.353913 73.316151 0.000000 -2.746694 21.662919 0.000000 0.000000 0.000000 0.000000
65.057167 0.003155 -47.104599 0.000000 0.000000 0.000000 39.286927 -68.658251 0.000000 -86.596803 -2.361241 0.000000 161.631189 -10.564165 0.000000 0.000000 0.000000 0.000000 0.000000 0.000000 0.000000 -162.976273 41.193422 0.000000 -137.066144 -1.491193 0.000000 0.000000 0.000000 0.000000 0.000000 0.000000 0.000000 -163.129965 24.084538 0.000000 148.489012 -1.290816 0.000000 0.000000 0.000000 0.000000 0.000000 0.000000 0.000000 174.037141 74.826490 0.000000 0.153591 17.786490 0.000000 0.000000 0.000000 0.000000 -99.204804 74.458564 0.000000 -2.710974 21.636304 0.000000 0.000000 0.000000 0.000000
64.661509 0.003229 -47.080287 0.000000 0.000000 0.000000 37.701920 -68.857512 0.000000 -87.189744 -2.094750 0.000000 161.497951 -10.621659 0.000000 0.000000 0.000000 0.000000 0.000000 0.000000 0.000000 -163.149282 44.005300 0.000000 -137.117128 -1.590384 0.000000 0.000000 0.000000 0.000000 0.000000 0.000000 0.000000 -163.296066 23.937169 0.000000 148.722586 -1.461391 0.000000 0.000000 0.000000 0.000000 0.000000 0.000000 0.000000 170.776840 74.393722 0.000000 0.353427 18.031271 0.000000 0.000000 0.000000 0.000000 -103.237581 75.663948 0.000000 -2.712551 21.657811 0.000000 0.000000 0.000000 0.000000
64.237237 0.003667 -47.070368 0.000000 0.000000 0.000000 34.670851 -68.131945 0.000000 -88.848113 -1.875842 0.000000 161.820974 -10.700065 0.000000 0.000000 0.000000 0.000000 0.000000 0.000000 0.000000 -164.653066 43.736806 0.000000 -138.980612 -1.556752 0.000000 0.000000 0.000000 0.000000 0.000000 0.000000 0.000000 -163.736629 23.947616 0.000000 148.653710 -1.625961 0.000000 0.000000 0.000000 0.000000 0.000000 0.000000 0.000000 168.044007 74.659173 0.000000 0.686150 18.224713 0.000000 0.000000 0.000000 0.000000 -103.878288 77.123884 0.000000 -2.726073 21.760720 0.000000 0.000000 0.000000 0.000000
63.748297 0.004099 -47.055854 0.000000 0.000000 0.000000 33.075295 -68.138752 0.000000 -90.007154 -1.678681 0.000000 161.815351 -10.787703 0.000000 0.000000 0.000000 0.000000 0.000000 0.000000 0.000000 -165.496292 45.012770 0.000000 -138.194981 -1.561375 0.000000 0.000000 0.000000 0.000000 0.000000 0.000000 0.000000 -164.734123 23.551006 0.000000 148.234199 -1.834856 0.000000 0.000000 0.000000 0.000000 0.000000 0.000000 0.000000 162.334108 75.205194 0.000000 0.873301 18.468948 0.000000 0.000000 0.000000 0.000000 -104.471913 78.782588 0.000000 -2.704116 21.835311 0.000000 0.000000 0.000000 0.000000
63.199371 0.004458 -47.025676 0.000000 0.000000 0.000000 32.398116 -67.812967 0.000000 -90.451437 -1.507765 0.000000 161.875200 -11.051980 0.000000 0.000000 0.000000 0.000000 0.000000 0.000000 0.000000 -167.329798 44.168905 0.000000 -138.697738 -1.442622 0.000000 0.000000 0.000000 0.000000 0.000000 0.000000 0.000000 -165.362086 23.715016 0.000000 146.727813 -1.946855 0.000000 0.000000 0.000000 0.000000 0.000000 0.000000 0.000000 156.845681 76.277691 0.000000 1.362706 19.365570 0.000000 0.000000 0.000000 0.000000 -107.654720 80.435276 0.000000 -2.684850 22.339423 0.000000 0.000000 0.000000 0.000000
62.637922 0.004934 -46.960872 0.000000 0.000000 0.000000 32.607466 -67.628890 0.000000 -90.530637 -1.149701 0.000000 162.159244 -11.369184 0.000000 0.000000 0.000000 0.000000 0.000000 0.000000 0.000000 -167.615086 43.624464 0.000000 -139.219219 -1.282810 0.000000 0.000000 0.000000 0.000000 0.000000 0.000000 0.000000 -165.811644 23.911908 0.000000 146.079148 -2.071005 0.000000 0.000000 0.000000 0.000000 0.000000 0.000000 0.000000 152.796941 76.848876 0.000000 1.957231 19.826585 0.000000 0.000000 0.000000 0.000000 -111.301088 82.048679 0.000000 -2.594946 22.920625 0.000000 0.000000 0.000000 0.000000
62.081373 0.005333 -46.907163 0.000000 0.000000 0.000000 31.663212 -67.611153 0.000000 -90.785667 -0.834421 0.000000 162.166028 -11.661654 0.000000 0.000000 0.000000 0.000000 0.000000 0.000000 0.000000 -167.356462 43.920407 0.000000 -137.419634 -1.176945 0.000000 0.000000 0.000000 0.000000 0.000000 0.000000 0.000000 -166.678025 24.365222 0.000000 143.900299 -2.184824 0.000000 0.000000 0.000000 0.000000 0.000000 0.000000 0.000000 139.425953 79.546651 0.000000 2.463823 20.366938 0.000000 0.000000 0.000000 0.000000 -100.349424 84.142778 0.000000 -2.401114 23.270208 0.000000 0.000000 0.000000 0.000000
61.620057 0.005547 -46.846066 0.000000 0.000000 0.000000 29.807191 -67.320044 0.000000 -90.533727 -0.539157 0.000000 162.024663 -12.023272 0.000000 0.000000 0.000000 0.000000 0.000000 0.000000 0.000000 -168.731369 44.192438 0.000000 -134.972142 -0.897704 0.000000 0.000000 0.000000 0.000000 0.000000 0.000000 0.000000 -166.670930 25.215296 0.000000 141.867374 -2.382409 0.000000 0.000000 0.000000 0.000000 0.000000 0.000000 0.000000 130.256880 80.574692 0.000000 3.079620 20.838000 0.000000 0.000000 0.000000 0.000000 -90.549438 84.935426 0.000000 -2.075120 23.815492 0.000000 0.000000 0.000000 0.000000
61.187953 0.005669 -46.804032 0.000000 0.000000 0.000000 27.969980 -67.667022 0.000000 -90.582322 -0.277469 0.000000 162.230107 -12.116304 0.000000 0.000000 0.000000 0.000000 0.000000 0.000000 0.000000 -170.189801 43.985621 0.000000 -135.341842 -0.666479 0.000000 0.000000 0.000000 0.000000 0.000000 0.000000 0.000000 -167.219680 25.288202 0.000000 142.043520 -2.471413 0.000000 0.000000 0.000000 0.000000 0.000000 0.000000 0.000000 135.001285 80.485591 0.000000 3.925776 21.156992 0.000000 0.000000 0.000000 0.000000 -92.324668 85.325485 0.000000 -1.619418 24.688502 0.000000 0.000000 0.000000 0.000000
60.674009 0.006020 -46.724097 0.000000 0.000000 0.000000 26.930811 -67.404108 0.000000 -88.475815 -0.011388 0.000000 162.492018 -12.296655 0.000000 0.000000 0.000000 0.000000 0.000000 0.000000 0.000000 -171.404973 42.860345 0.000000 -136.459136 -0.434190 0.000000 0.000000 0.000000 0.000000 0.000000 0.000000 0.000000 -167.786956 25.207547 0.000000 143.222423 -2.628658 0.000000 0.000000 0.000000 0.000000 0.000000 0.000000 0.000000 134.084737 80.289668 0.000000 4.683396 21.920213 0.000000 0.000000 0.000000 0.000000 -96.224326 85.939120 0.000000 -1.129281 25.640126 0.000000 0.000000 0.000000 0.000000
60.140339 0.006719 -46.699175 0.000000 0.000000 0.000000 24.315390 -66.614717 0.000000 -84.641913 0.258141 0.000000 163.754733 -12.309953 0.000000 0.000000 0.000000 0.000000 0.000000 0.000000 0.000000 -173.583019 40.921618 0.000000 -138.686022 -0.303454 0.000000 0.000000 0.000000 0.000000 0.000000 0.000000 0.000000 -167.901907 25.257733 0.000000 145.074160 -2.641631 0.000000 0.000000 0.000000 0.000000 0.000000 0.000000 0.000000 118.093668 81.971902 0.000000 5.435598 22.136292 0.000000 0.000000 0.000000 0.000000 -69.894850 86.306522 0.000000 -0.463516 26.071227 0.000000 0.000000 0.000000 0.000000
59.564593 0.007093 -46.665259 0.000000 0.000000 0.000000 23.830471 -66.581229 0.000000 -84.535192 0.576875 0.000000 163.505582 -12.831874 0.000000 0.000000 0.000000 0.000000 0.000000 0.000000 0.000000 -174.714986 40.822951 0.000000 -136.968518 0.093602 0.000000 0.000000 0.000000 0.000000 0.000000 0.000000 0.000000 -168.125938 25.681292 0.000000 142.322495 -3.015083 0.000000 0.000000 0.000000 0.000000 0.000000 0.000000 0.000000 106.717394 81.727736 0.000000 6.069186 22.443818 0.000000 0.000000 0.000000 0.000000 -37.993035 85.791437 0.000000 0.079345 26.483824 0.000000 0.000000 0.000000 0.000000
58.975103 0.007483 -46.657917 0.000000 0.000000 0.000000 20.256902 -64.601218 0.000000 -85.454766 0.857498 0.000000 163.834016 -13.029797 0.000000 0.000000 0.000000 0.000000 0.000000 0.000000 0.000000 -177.740623 38.552080 0.000000 -136.469742 0.211493 0.000000 0.000000 0.000000 0.000000 0.000000 0.000000 0.000000 -168.218143 25.997471 0.000000 142.816356 -3.125705 0.000000 0.000000 0.000000 0.000000 0.000000 0.000000 0.000000 99.438489 81.422451 0.000000 6.891431 22.910147 0.000000 0.000000 0.000000 0.000000 -22.445206 86.374471 0.000000 0.383215 27.367929 0.000000 0.000000 0.000000 0.000000
58.368096 0.008523 -46.626677 0.000000 0.000000 0.000000 21.228078 -65.674014 0.000000 -84.446804 1.053904 0.000000 164.090697 -13.001284 0.000000 0.000000 0.000000 0.000000 0.000000 0.000000 0.000000 -177.298844 38.684839 0.000000 -135.870053 0.456790 0.000000 0.000000 0.000000 0.000000 0.000000 0.000000 0.000000 -168.745172 26.132437 0.000000 142.291363 -3.318728 0.000000 0.000000 0.000000 0.000000 0.000000 0.000000 0.000000 98.201445 81.010960 0.000000 7.672493 23.030886 0.000000 0.000000 0.000000 0.000000 -7.316648 86.982780 0.000000 0.954320 27.402565 0.000000 0.000000 0.000000 0.000000
57.771209 0.008895 -46.606976 0.000000 0.000000 0.000000 19.906141 -66.169460 0.000000 -84.305406 1.274045 0.000000 164.929881 -12.617570 0.000000 0.000000 0.000000 0.000000 0.000000 0.000000 0.000000 -179.525271 35.933303 0.000000 -140.885349 0.491929 0.000000 0.000000 0.000000 0.000000 0.000000 0.000000 0.000000 -169.603581 26.197308 0.000000 145.350542 -3.338735 0.000000 0.000000 0.000000 0.000000 0.000000 0.000000 0.000000 109.677156 79.435397 0.000000 7.784948 22.736221 0.000000 0.000000 0.000000 0.000000 27.090145 89.014856 0.000000 1.595585 26.812093 0.000000 0.000000 0.000000 0.000000
57.279778 0.009145 -46.594664 0.000000 0.000000 0.000000 18.870561 -66.158040 0.000000 -83.670588 1.487774 0.000000 165.609523 -12.418060 0.000000 0.000000 0.000000 0.000000 0.000000 0.000000 0.000000 -179.562732 34.556411 0.000000 -142.160181 0.620559 0.000000 0.000000 0.000000 0.000000 0.000000 0.000000 0.000000 -170.371466 26.028452 0.000000 147.011676 -3.260361 0.000000 0.000000 0.000000 0.000000 0.000000 0.000000 0.000000 128.961107 76.495408 0.000000 7.714624 21.796399 0.000000 0.000000 0.000000 0.000000 147.404498 88.199875 0.000000 2.106186 25.683167 0.000000 0.000000 0.000000 0.000000
56.681949 0.009331 -46.611236 0.000000 0.000000 0.000000 18.099332 -66.118175 0.000000 -83.291979 1.756488 0.000000 166.079860 -12.237393 0.000000 0.000000 0.000000 0.000000 0.000000 0.000000 0.000000 179.653950 34.071944 0.000000 -144.065489 0.670902 0.000000 0.000000 0.000000 0.000000 0.000000 0.000000 0.000000 -171.013610 25.878365 0.000000 149.603850 -3.248616 0.000000 0.000000 0.000000 0.000000 0.000000 0.000000 0.000000 132.707973 74.846653 0.000000 8.023646 21.409185 0.000000 0.000000 0.000000 0.000000 148.006774 85.976977 0.000000 2.498691 25.082990 0.000000 0.000000 0.000000 0.000000
56.121160 0.009691 -46.628737 0.000000 0.000000 0.000000 18.492931 -68.017991 0.000000 -84.380950 2.102857 0.000000 166.854470 -12.205570 0.000000 0.000000 0.000000 0.000000 0.000000 0.000000 0.000000 178.974330 34.447134 0.000000 -143.030833 0.782975 0.000000 0.000000 0.000000 0.000000 0.000000 0.000000 0.000000 -171.752953 24.585060 0.000000 149.610609 -3.361726 0.000000 0.000000 0.000000 0.000000 0.000000 0.000000 0.000000 128.501791 74.234739 0.000000 7.522131 19.991654 0.000000 0.000000 0.000000 0.000000 138.434656 85.753202 0.000000 2.836469 22.916008 0.000000 0.000000 0.000000 0.000000
55.580354 0.010009 -46.654595 0.000000 0.000000 0.000000 18.995917 -69.840789 0.000000 -83.004050 2.365167 0.000000 167.507770 -12.237048 0.000000 0.000000 0.000000 0.000000 0.000000 0.000000 0.000000 178.734605 34.516713 0.000000 -141.684356 0.929670 0.000000 0.000000 0.000000 0.000000 0.000000 0.000000 0.000000 -172.346040 23.766417 0.000000 149.290147 -3.430007 0.000000 0.000000 0.000000 0.000000 0.000000 0.000000 0.000000 127.778399 73.481449 0.000000 7.641654 19.581130 0.000000 0.000000 0.000000 0.000000 127.516968 85.262256 0.000000 3.124632 22.168582 0.000000 0.000000 0.000000 0.000000
55.035761 0.010074 -46.677707 0.000000 0.000000 0.000000 17.964163 -69.978252 0.000000 -83.044143 2.596110 0.000000 167.845857 -12.316846 0.000000 0.000000 0.000000 0.000000 0.000000 0.000000 0.000000 178.135199 34.309257 0.000000 -142.048980 1.044345 0.000000 0.000000 0.000000 0.000000 0.000000 0.000000 0.000000 -172.693660 23.702592 0.000000 149.212680 -3.565730 0.000000 0.000000 0.000000 0.000000 0.000000 0.000000 0.000000 126.727779 73.170127 0.000000 7.902250 19.365492 0.000000 0.000000 0.000000 0.000000 117.813979 84.517392 0.000000 3.456536 21.801235 0.000000 0.000000 0.000000 0.000000
54.493564 0.010425 -46.749000 0.000000 0.000000 0.000000 18.484543 -71.084763 0.000000 -83.543828 2.964248 0.000000 168.141167 -12.283602 0.000000 0.000000 0.000000 0.000000 0.000000 0.000000 0.000000 178.376199 34.211392 0.000000 -142.687730 1.123700 0.000000 0.000000 0.000000 0.000000 0.000000 0.000000 0.000000 -173.309283 23.485944 0.000000 150.385324 -3.682484 0.000000 0.000000 0.000000 0.000000 0.000000 0.000000 0.000000 125.330880 72.822145 0.000000 7.863506 18.948221 0.000000 0.000000 0.000000 0.000000 112.387330 83.718986 0.000000 3.757465 21.088047 0.000000 0.000000 0.000000 0.000000
53.992030 0.011103 -46.817082 0.000000 0.000000 0.000000 22.904676 -76.184860 0.000000 -79.581576 3.353774 0.000000 169.246953 -12.342811 0.000000 0.000000 0.000000 0.000000 0.000000 0.000000 0.000000 176.838543 32.272542 0.000000 -141.232381 1.364433 0.000000 0.000000 0.000000 0.000000 0.000000 0.000000 0.000000 -173.887895 23.764747 0.000000 148.968204 -3.904958 0.000000 0.000000 0.000000 0.000000 0.000000 0.000000 0.000000 123.774703 72.086778 0.000000 7.808680 18.446209 0.000000 0.000000 0.000000 0.000000 111.901131 83.015172 0.000000 3.882253 19.669814 0.000000 0.000000 0.000000 0.000000
53.454576 0.011178 -46.864782 0.000000 0.000000 0.000000 22.227568 -75.532758 0.000000 -80.741308 3.728218 0.000000 169.296622 -12.494915 0.000000 0.000000 0.000000 0.000000 0.000000 0.000000 0.000000 176.321567 33.973526 0.000000 -141.957614 1.346675 0.000000 0.000000 0.000000 0.000000 0.000000 0.000000 0.000000 -173.984191 24.060778 0.000000 149.116713 -4.141361 0.000000 0.000000 0.000000 0.000000 0.000000 0.000000 0.000000 121.850311 71.378058 0.000000 7.983142 18.376152 0.000000 0.000000 0.000000 0.000000 109.051823 82.287800 0.000000 4.330615 19.758858 0.000000 0.000000 0.000000 0.000000
53.102939 0.011761 -46.926567 0.000000 0.000000 0.000000 23.440711 -78.836853 0.000000 -76.643557 4.390639 0.000000 169.923854 -12.516005 0.000000 0.000000 0.000000 0.000000 0.000000 0.000000 0.000000 175.045892 33.265364 0.000000 -139.472866 1.655954 0.000000 0.000000 0.000000 0.000000 0.000000 0.000000 0.000000 -173.895737 25.806410 0.000000 149.876329 -4.620095 0.000000 0.000000 0.000000 0.000000 0.000000 0.000000 0.000000 116.818631 71.129997 0.000000 8.026216 18.423852 0.000000 0.000000 0.000000 0.000000 104.926090 81.936344 0.000000 4.518344 19.476531 0.000000 0.000000 0.000000 0.000000
52.768733 0.011765 -47.000577 0.000000 0.000000 0.000000 14.619929 -76.661569 0.000000 -76.059703 4.975846 0.000000 170.349665 -12.750106 0.000000 0.000000 0.000000 0.000000 0.000000 0.000000 0.000000 173.683849 32.403274 0.000000 -139.245442 1.723426 0.000000 0.000000 0.000000 0.000000 0.000000 0.000000 0.000000 -174.124107 25.678072 0.000000 150.554389 -4.786573 0.000000 0.000000 0.000000 0.000000 0.000000 0.000000 0.000000 115.941266 70.650761 0.000000 8.125484 18.494443 0.000000 0.000000 0.000000 0.000000 103.894947 81.395839 0.000000 4.804490 19.762588 0.000000 0.000000 0.000000 0.000000
52.463903 0.011777 -47.062993 0.000000 0.000000 0.000000 9.841106 -76.585759 0.000000 -74.856320 5.458037 0.000000 170.741624 -12.772619 0.000000 0.000000 0.000000 0.000000 0.000000 0.000000 0.000000 172.599961 33.354904 0.000000 -139.481624 1.945996 0.000000 0.000000 0.000000 0.000000 0.000000 0.000000 0.000000 -174.273396 25.011453 0.000000 150.898376 -4.884357 0.000000 0.000000 0.000000 0.000000 0.000000 0.000000 0.000000 118.300506 69.297417 0.000000 8.054872 18.316809 0.000000 0.000000 0.000000 0.000000 108.780613 80.944773 0.000000 4.994937 19.379847 0.000000 0.000000 0.000000 0.000000
